0.00625	0
0.0125	0
0.01875	0
0.025	0
0.03125	0
0.0375	0
0.04375	0
0.05	0
0.05625	0
0.0625	0
0.06875	0
0.075	0
0.08125	0
0.0875	0
0.09375	0
0.1	0
0.10625	0
0.1125	0
0.11875	0
0.125	0
0.13125	0
0.1375	0
0.14375	0
0.15	0
0.15625	0
0.1625	0
0.16875	0
0.175	0
0.18125	0
0.1875	0
0.19375	0
0.2	0
0.20625	0
0.2125	0
0.21875	0
0.225	0
0.23125	0
0.2375	0
0.24375	0
0.25	0
0.25625	0
0.2625	0
0.26875	0
0.275	0
0.28125	0
0.2875	0
0.29375	0
0.3	0
0.30625	0
0.3125	0
0.31875	0
0.325	0
0.33125	0
0.3375	0
0.34375	0
0.35	0
0.35625	0
0.3625	0
0.36875	0
0.375	0
0.38125	0
0.3875	0
0.39375	0
0.4	0
0.40625	0
0.4125	0
0.41875	0
0.425	0
0.43125	0
0.4375	0
0.44375	0
0.45	0
0.45625	0
0.4625	0
0.46875	0
0.475	0
0.48125	0
0.4875	0
0.49375	0
0.5	0
0.50625	0
0.5125	0
0.51875	0
0.525	-0.125109560427292
0.53125	-0.575875453293328
0.5375	-0.598628655620931
0.54375	-0.59965503476153
0.55	-0.743054151052746
0.55625	-0.933166054485285
0.5625	-0.9556580470426
0.56875	-0.963555700721218
0.575	-0.997931343530914
0.58125	-1.04955185156034
0.5875	-1.07943270576701
0.59375	-1.13520615991954
0.6	-1.17123438396095
0.60625	-1.28270186000285
0.6125	-1.31032691885899
0.61875	-1.31206860518711
0.625	-1.31782502048416
0.63125	-1.31709606399434
0.6375	-1.31809573498106
0.64375	-1.32050339735746
0.65	-1.3223907322185
0.65625	-1.32344985866549
0.6625	-1.32405304553666
0.66875	-1.32480467460414
0.675	-1.32777719637616
0.68125	-1.33331440610053
0.6875	-1.33969208937692
0.69375	-1.35162722090566
0.7	-1.36167502470854
0.70625	-1.37048771243411
0.7125	-1.37910544335427
0.71875	-1.38307257087325
0.725	-1.38313767344317
0.73125	-1.38409242392999
0.7375	-1.39031332433348
0.74375	-1.39614453598989
0.75	-1.4048922049584
0.75625	-1.40929224209232
0.7625	-1.41200306260292
0.76875	-1.41639849969577
0.775	-1.57475247210154
0.78125	-2.23265396635747
0.7875	-2.29914435419627
0.79375	-2.30935777656156
0.8	-2.32872160363134
0.80625	-2.34054930507856
0.8125	-2.34689013779965
0.81875	-2.365613044267
0.825	-2.3788056506003
0.83125	-2.41412202123866
0.8375	-2.43698068058381
0.84375	-2.44806603510317
0.85	-2.45196715281453
0.85625	-2.45827610666111
0.8625	-2.47393280602331
0.86875	-2.47255255291897
0.875	-2.47366943171632
0.88125	-2.48084376636095
0.8875	-2.49259697143311
0.89375	-2.49781605000403
0.9	-2.50589004574215
0.90625	-2.51218666567535
0.9125	-2.51748288165715
0.91875	-2.52419682191583
0.925	-2.52543560779894
0.93125	-2.52878777857572
0.9375	-2.53740733322645
0.94375	-2.54803469017197
0.95	-2.55317231502697
0.95625	-2.55383676687979
0.9625	-2.56065184180648
0.96875	-2.56523821737304
0.975	-2.57377037729884
0.98125	-2.58089435378174
0.9875	-2.58347721055669
0.99375	-2.58246005078745
1	-2.58488877586715
1.00625	-2.59070092089299
1.0125	-2.5954926302203
1.01875	-2.86227503281767
1.025	-2.86713658554636
1.03125	-2.90057305834748
1.0375	-2.90331271128438
1.04375	-3.25893540950858
1.05	-3.3979998703421
1.05625	-3.42552648834519
1.0625	-3.43852171576312
1.06875	-3.45149166542744
1.075	-3.47156315033114
1.08125	-3.47874781115233
1.0875	-3.5345487895789
1.09375	-3.5722549788565
1.1	-3.64551967861836
1.10625	-3.65496543803261
1.1125	-3.66395729256421
1.11875	-3.66735373098817
1.125	-3.68991762231642
1.13125	-3.69247878735475
1.1375	-3.69434102338785
1.14375	-3.7071708253771
1.15	-3.71036117197461
1.15625	-3.71198394335597
1.1625	-3.71819932550672
1.16875	-3.71522401305422
1.175	-3.72315006175193
1.18125	-3.73320907061333
1.1875	-3.73432512778105
1.19375	-3.73416038894759
1.2	-3.7378322733779
1.20625	-3.74256096379938
1.2125	-3.74239984338972
1.21875	-3.74731370531821
1.225	-3.75047766862485
1.23125	-3.75309503374429
1.2375	-3.76054222275348
1.24375	-3.76542198036163
1.25	-3.77630273218071
1.25625	-3.77895557530901
1.2625	-3.84210596685748
1.26875	-4.15650063617905
1.275	-4.31213085817999
1.28125	-4.32420375842681
1.2875	-4.33195241579387
1.29375	-4.58107830528676
1.3	-4.58936585468443
1.30625	-4.60368638767173
1.3125	-4.63729301792509
1.31875	-4.68127504277648
1.325	-4.73758917917379
1.33125	-4.75085323466365
1.3375	-4.76914681732983
1.34375	-4.8002837048971
1.35	-4.83329408983415
1.35625	-4.84122469500415
1.3625	-4.84737043022093
1.36875	-4.85380229190411
1.375	-4.85853406610014
1.38125	-4.86233227971148
1.3875	-4.86352332038943
1.39375	-4.86621970295797
1.4	-4.86442481414195
1.40625	-4.86867890005123
1.4125	-4.87339291238246
1.41875	-4.87526638212928
1.425	-4.87853664884732
1.43125	-4.87816667588639
1.4375	-4.87937833065849
1.44375	-4.88273564367731
1.45	-4.88404454568306
1.45625	-4.88661840439796
1.4625	-4.89436227921118
1.46875	-4.89747947282454
1.475	-4.90278723441361
1.48125	-4.91003667303212
1.4875	-4.91639314366013
1.49375	-4.91807349216436
1.5	-4.93810826801618
1.50625	-4.96237081715672
1.5125	-4.96685587179975
1.51875	-5.05827386415557
1.525	-5.12576485785472
1.53125	-5.36057072050924
1.5375	-5.36373104051008
1.54375	-5.39324855486067
1.55	-5.39685257341914
1.55625	-5.40750893069597
1.5625	-5.41594463014882
1.56875	-5.43125682454212
1.575	-5.44547569147683
1.58125	-5.49968489125047
1.5875	-5.52880801920324
1.59375	-5.54736898162244
1.6	-5.59050074787878
1.60625	-5.60734276301873
1.6125	-5.63773757566502
1.61875	-5.65597174665818
1.625	-5.67465894692713
1.63125	-5.68650828681148
1.6375	-5.70358788763441
1.64375	-5.73583730014316
1.65	-5.75803376528335
1.65625	-5.77753161891663
1.6625	-5.78960617542423
1.66875	-5.79993993578808
1.675	-5.81214217126908
1.68125	-5.81995012879345
1.6875	-5.82468396087397
1.69375	-5.82769385946764
1.7	-5.83077284098666
1.70625	-5.82783635558246
1.7125	-5.82937241696896
1.71875	-5.83478748013297
1.725	-5.84015049917615
1.73125	-5.84927769770405
1.7375	-5.86597007501683
1.74375	-5.87714940054484
1.75	-5.93521794697691
1.75625	-5.9450850062136
1.7625	-5.95802965596544
1.76875	-6.02925855639643
1.775	-6.14450876724118
1.78125	-6.2289903364276
1.7875	-6.2437895395213
1.79375	-6.24532870541835
1.8	-6.26291133394384
1.80625	-6.28879805580584
1.8125	-6.30881910462665
1.81875	-6.32069675992089
1.825	-6.34041465422386
1.83125	-6.35631604570534
1.8375	-6.36834839263376
1.84375	-6.37291366413179
1.85	-6.37776335137394
1.85625	-6.3859801652125
1.8625	-6.40020993446846
1.86875	-6.40995974265788
1.875	-6.42281370179757
1.88125	-6.43394695906213
1.8875	-6.44982704047726
1.89375	-6.45589962761602
1.9	-6.46198238180664
1.90625	-6.46935309036287
1.9125	-6.47818435228139
1.91875	-6.48313195743776
1.925	-6.48983635087941
1.93125	-6.49274613036583
1.9375	-6.49749547644657
1.94375	-6.50971655721922
1.95	-6.51829465226331
1.95625	-6.53085889584746
1.9625	-6.54341605157769
1.96875	-6.56037353288329
1.975	-6.58390061578574
1.98125	-6.59425131830356
1.9875	-6.60498425858032
1.99375	-6.63735233766265
2	-6.68069099672784
2.00625	-6.68246146914503
2.0125	-6.71810340371711
2.01875	-6.76719986085732
2.025	-6.7748593876589
2.03125	-6.78417853972647
2.0375	-6.79323723199384
2.04375	-6.82526481173927
2.05	-6.84057645349728
2.05625	-6.86625474399388
2.0625	-6.88882243076032
2.06875	-6.9065647904857
2.075	-6.91820045676704
2.08125	-6.93358917745615
2.0875	-6.9531853126927
2.09375	-6.97315686699627
2.1	-6.98031845888235
2.10625	-6.98981145546303
2.1125	-7.00612200287017
2.11875	-7.01986176583255
2.125	-7.02731222768064
2.13125	-7.0361118276939
2.1375	-7.04099559947404
2.14375	-7.04244241878635
2.15	-7.04104059734136
2.15625	-7.04450628941085
2.1625	-7.04979837149823
2.16875	-7.05262885867596
2.175	-7.05523674691185
2.18125	-7.05748845039413
2.1875	-7.06009153250332
2.19375	-7.05918941576523
2.2	-7.06494334294213
2.20625	-7.0690298120686
2.2125	-7.07589121605698
2.21875	-7.08086177415262
2.225	-7.07977763568353
2.23125	-7.08013822237874
2.2375	-7.08049290781739
2.24375	-7.08328058656166
2.25	-7.08853087085471
2.25625	-7.09698455261711
2.2625	-7.17837661695513
2.26875	-7.20623784678626
2.275	-7.2124575369978
2.28125	-7.21605196611226
2.2875	-7.22832309735774
2.29375	-7.2369791287841
2.3	-7.24189034476497
2.30625	-7.24452967119729
2.3125	-7.24905516377865
2.31875	-7.25195675064359
2.325	-7.25516920338326
2.33125	-7.2584246857616
2.3375	-7.26005244722032
2.34375	-7.26076427813476
2.35	-7.26214594626688
2.35625	-7.26771075571969
2.3625	-7.26944941843933
2.36875	-7.27287171344626
2.375	-7.27784662119387
2.38125	-7.28255956813479
2.3875	-7.28900263770217
2.39375	-7.29537099457557
2.4	-7.30161878555241
2.40625	-7.3058632563016
2.4125	-7.30778886001275
2.41875	-7.31015638722921
2.425	-7.31179585802083
2.43125	-7.32062631238534
2.4375	-7.32333697027515
2.44375	-7.32549825977054
2.45	-7.33162566446866
2.45625	-7.33781662420641
2.4625	-7.3426275648288
2.46875	-7.3447207535836
2.475	-7.35188482311262
2.48125	-7.36959497752038
2.4875	-7.37513874551759
2.49375	-7.38060851926775
2.5	-7.39716329857617
2.50625	-7.42592007802884
2.5125	-7.60763171827537
2.51875	-7.76632966510752
2.525	-7.7759085749777
2.53125	-7.78555192625128
2.5375	-7.79864237363408
2.54375	-7.8145823166243
2.55	-7.81848276570183
2.55625	-7.82016299636137
2.5625	-7.84071379924547
2.56875	-7.87739408898544
2.575	-7.87589365923055
2.58125	-7.88063530321174
2.5875	-7.88429803401363
2.59375	-7.88181125725311
2.6	-7.88152808321517
2.60625	-7.8800432765015
2.6125	-7.88719707827186
2.61875	-7.89784818025789
2.625	-7.910149348751
2.63125	-7.91843804653515
2.6375	-7.92791444516756
2.64375	-7.92812334578579
2.65	-7.93011346651436
2.65625	-7.92906697806593
2.6625	-7.93118521336108
2.66875	-7.93158693769606
2.675	-7.93186246213253
2.68125	-7.93596794344473
2.6875	-7.93799086206577
2.69375	-7.94133236855569
2.7	-7.94262908977642
2.70625	-7.93979826427115
2.7125	-7.93975484236713
2.71875	-7.94052973801907
2.725	-7.94480289798242
2.73125	-7.95147374328827
2.7375	-7.95809771379161
2.74375	-7.97002198908876
2.75	-8.05618832794949
2.75625	-8.16439777998608
2.7625	-8.18421132126968
2.76875	-8.18868654965562
2.775	-8.191481347526
2.78125	-8.20363044618501
2.7875	-8.21066230490638
2.79375	-8.21727685320121
2.8	-8.22335786317043
2.80625	-8.23323348672001
2.8125	-8.241573774661
2.81875	-8.24423759184158
2.825	-8.24616822446764
2.83125	-8.24906089384766
2.8375	-8.25165806149056
2.84375	-8.25196120558032
2.85	-8.25519490522598
2.85625	-8.26148656488472
2.8625	-8.26313847898226
2.86875	-8.26660809754749
2.875	-8.26935114328458
2.88125	-8.26968761724468
2.8875	-8.27170934714142
2.89375	-8.276682303532
2.9	-8.28131370748176
2.90625	-8.28388436677835
2.9125	-8.28769110004577
2.91875	-8.28845832933594
2.925	-8.29092906064706
2.93125	-8.29420684560602
2.9375	-8.29473298376241
2.94375	-8.29746063649148
2.95	-8.29997734752816
2.95625	-8.30033271055933
2.9625	-8.30098661318764
2.96875	-8.30523430997574
2.975	-8.30900748825656
2.98125	-8.30814641520037
2.9875	-8.31046178637315
2.99375	-8.3148080040849
3	-8.39108190166809
3.00625	-8.42308095991241
3.0125	-8.4513025440786
3.01875	-8.47710501038781
3.025	-8.50041664599724
3.03125	-8.50785441928575
3.0375	-8.51202417234962
3.04375	-8.51757213088085
3.05	-8.52330012409227
3.05625	-8.5321175728451
3.0625	-8.5408792801397
3.06875	-8.552255830297
3.075	-8.56608348621841
3.08125	-8.57258639180274
3.0875	-8.57668552626797
3.09375	-8.57826022141989
3.1	-8.58253616123571
3.10625	-8.58304111574485
3.1125	-8.58512556375774
3.11875	-8.58489912435578
3.125	-8.58467288013652
3.13125	-8.58445481891934
3.1375	-8.58478443569163
3.14375	-8.58598056632202
3.15	-8.58558045504968
3.15625	-8.58732664861281
3.1625	-8.58984512949105
3.16875	-8.59351612211935
3.175	-8.59440848444831
3.18125	-8.59934514978218
3.1875	-8.60075899697839
3.19375	-8.60081083914474
3.2	-8.60137586361276
3.20625	-8.60548413971446
3.2125	-8.60600215234341
3.21875	-8.6060068591898
3.225	-8.60894458491454
3.23125	-8.60869875953851
3.2375	-8.60714571335645
3.24375	-8.60477723996808
3.25	-8.66988861719953
3.25625	-8.88304173242386
3.2625	-9.00924082223507
3.26875	-9.05879245054605
3.275	-9.07123800810044
3.28125	-9.07229875031072
3.2875	-9.08519462479924
3.29375	-9.08693168988479
3.3	-9.09867653311222
3.30625	-9.1138999410546
3.3125	-9.11897000057955
3.31875	-9.1242370960943
3.325	-9.12903503627364
3.33125	-9.12934435383503
3.3375	-9.13170703667531
3.34375	-9.13234179018867
3.35	-9.13372673073552
3.35625	-9.13618201807284
3.3625	-9.1360063559397
3.36875	-9.13833746522976
3.375	-9.13668646111901
3.38125	-9.13410682240069
3.3875	-9.13675480907647
3.39375	-9.13571379786582
3.4	-9.13541901688365
3.40625	-9.1345900850634
3.4125	-9.1372690408175
3.41875	-9.14275599835241
3.425	-9.14622778768593
3.43125	-9.14711020000606
3.4375	-9.14799556335196
3.44375	-9.14652501300983
3.45	-9.14749720846975
3.45625	-9.15214324449564
3.4625	-9.15530280661677
3.46875	-9.15507661095178
3.475	-9.1546577584249
3.48125	-9.15311929307462
3.4875	-9.15199553048327
3.49375	-9.14985913388598
3.5	-9.21670296826117
3.50625	-9.23652410592886
3.5125	-9.28714064621229
3.51875	-9.29417220380788
3.525	-9.29986630221065
3.53125	-9.30759643839241
3.5375	-9.31135670155656
3.54375	-9.31589787004984
3.55	-9.32085674940745
3.55625	-9.32850172777708
3.5625	-9.33310175219016
3.56875	-9.3316582631969
3.575	-9.32875856368373
3.58125	-9.3299310269971
3.5875	-9.33021284900316
3.59375	-9.33258517200693
3.6	-9.33299867356937
3.60625	-9.3339795800287
3.6125	-9.33422456441671
3.61875	-9.33795595045193
3.625	-9.34020745465913
3.63125	-9.34297403408594
3.6375	-9.34793797631614
3.64375	-9.34736258029521
3.65	-9.35084122402613
3.65625	-9.35257622468581
3.6625	-9.3555064852919
3.66875	-9.35669016496398
3.675	-9.35882398161047
3.68125	-9.36188535196622
3.6875	-9.36809574561539
3.69375	-9.37002400537764
3.7	-9.37262009537895
3.70625	-9.37561928575103
3.7125	-9.37541220722976
3.71875	-9.37767129928312
3.725	-9.38129125298385
3.73125	-9.38276530726061
3.7375	-9.3842429937714
3.74375	-9.3865026949575
3.75	-9.45228339284411
3.75625	-9.48215006700384
3.7625	-9.51144149662809
3.76875	-9.51678561205092
3.775	-9.51888042758775
3.78125	-9.51933597553253
3.7875	-9.51857665186836
3.79375	-9.52151995904351
3.8	-9.52373006441861
3.80625	-9.52959660106858
3.8125	-9.53251600475096
3.81875	-9.53550639157194
3.825	-9.53655895568109
3.83125	-9.53742242984119
3.8375	-9.54161872835515
3.84375	-9.54199409048998
3.85	-9.54280369905909
3.85625	-9.54484931884422
3.8625	-9.54730674366505
3.86875	-9.55115506356408
3.875	-9.55295816349666
3.88125	-9.55201298976471
3.8875	-9.5548246280832
3.89375	-9.55534396964195
3.9	-9.55650307094449
3.90625	-9.55640512168746
3.9125	-9.55715581712204
3.91875	-9.5563438683136
3.925	-9.55688328208119
3.93125	-9.55874937254902
3.9375	-9.55973715221223
3.94375	-9.56070594481607
3.95	-9.56143920882233
3.95625	-9.56157279314304
3.9625	-9.56146205023732
3.96875	-9.5625532213003
3.975	-9.56439465758143
3.98125	-9.56754263101587
3.9875	-9.57144204268936
3.99375	-9.58155169772962
4	-9.65983456719146
4.00625	-9.67503310383538
4.0125	-9.67306797746049
4.01875	-9.67747904665183
4.025	-9.67691660617718
4.03125	-9.68681903849478
4.0375	-9.68949690050385
4.04375	-9.69100859542925
4.05	-9.69028064482496
4.05625	-9.69125151254091
4.0625	-9.69326361772553
4.06875	-9.69352596645251
4.075	-9.69509136475445
4.08125	-9.69700252423969
4.0875	-9.69733766271005
4.09375	-9.69856149407779
4.1	-9.69836666838548
4.10625	-9.69805310338322
4.1125	-9.69718978453943
4.11875	-9.6973084232184
4.125	-9.69876837769745
4.13125	-9.69895751184866
4.1375	-9.69879288396178
4.14375	-9.69743862146933
4.15	-9.69724450068519
4.15625	-9.69708121056304
4.1625	-9.69706655375068
4.16875	-9.69897900402794
4.175	-9.70013456378105
4.18125	-9.70030689886909
4.1875	-9.70211074451218
4.19375	-9.70266390778214
4.2	-9.70366446030931
4.20625	-9.70545912130587
4.2125	-9.70467059845401
4.21875	-9.70471358615345
4.225	-9.70419988218459
4.23125	-9.70726545642907
4.2375	-9.71293767695221
4.24375	-9.77810867352011
4.25	-9.81475672216791
4.25625	-9.8325931027824
4.2625	-9.83439954403596
4.26875	-9.832298060934
4.275	-9.83256166492187
4.28125	-9.84356975567064
4.2875	-9.84655439957098
4.29375	-9.84489105758146
4.3	-9.84891126042268
4.30625	-9.85008474077151
4.3125	-9.85142833245668
4.31875	-9.85150334331036
4.325	-9.85310076453093
4.33125	-9.8532629061331
4.3375	-9.85408095027199
4.34375	-9.85326299401017
4.35	-9.85271636287872
4.35625	-9.8525116631717
4.3625	-9.85268530938226
4.36875	-9.85312261438399
4.375	-9.8529455049272
4.38125	-9.8537707006415
4.3875	-9.85384956920971
4.39375	-9.85462098692962
4.4	-9.85411347775302
4.40625	-9.85707271936928
4.4125	-9.85678544017975
4.41875	-9.85648564859602
4.425	-9.85658167656405
4.43125	-9.85757520398317
4.4375	-9.85813628547941
4.44375	-9.85679352784858
4.45	-9.8566834636448
4.45625	-9.85577238783271
4.4625	-9.85524408945374
4.46875	-9.8551920017027
4.475	-9.85495898741829
4.48125	-9.85357446515827
4.4875	-9.85933386182127
4.49375	-9.88439648514094
4.5	-9.89368852285615
4.50625	-10.1288061590725
4.5125	-10.1284965441744
4.51875	-10.1309173905155
4.525	-10.1400142177157
4.53125	-10.1386305611797
4.5375	-10.147000835637
4.54375	-10.1487990299952
4.55	-10.1453787462677
4.55625	-10.151322422091
4.5625	-10.161521893659
4.56875	-10.161287890378
4.575	-10.1628361271913
4.58125	-10.1622078327686
4.5875	-10.1640197798029
4.59375	-10.1704692394997
4.6	-10.169634746803
4.60625	-10.1701618218702
4.6125	-10.1713881067539
4.61875	-10.167909981677
4.625	-10.1663935623138
4.63125	-10.1645604462186
4.6375	-10.1623908796355
4.64375	-10.158496930356
4.65	-10.1581850769797
4.65625	-10.1577422782939
4.6625	-10.1584215415697
4.66875	-10.1574057401182
4.675	-10.1600194780861
4.68125	-10.1616336226382
4.6875	-10.1615136380394
4.69375	-10.161855110921
4.7	-10.1658021079978
4.70625	-10.1685259953178
4.7125	-10.1711657053187
4.71875	-10.172051817068
4.725	-10.1674714356828
4.73125	-10.1690640180711
4.7375	-10.2226525047506
4.74375	-10.2326697439911
4.75	-10.2270787861539
4.75625	-10.2250573886817
4.7625	-10.2401442161981
4.76875	-10.2390868567615
4.775	-10.2409504951196
4.78125	-10.2434642447139
4.7875	-10.2431097131847
4.79375	-10.2433625203612
4.8	-10.242996483381
4.80625	-10.2449652856876
4.8125	-10.2465820850103
4.81875	-10.2495747753041
4.825	-10.2518685386582
4.83125	-10.2515239704884
4.8375	-10.2557808773736
4.84375	-10.2596343599854
4.85	-10.2607796183382
4.85625	-10.2609502051351
4.8625	-10.2627815027776
4.86875	-10.262089811361
4.875	-10.2599773636786
4.88125	-10.2618024330105
4.8875	-10.2612913476408
4.89375	-10.2618844513152
4.9	-10.2670647221466
4.90625	-10.2691318214001
4.9125	-10.2709696042372
4.91875	-10.2694165968315
4.925	-10.2715487470436
4.93125	-10.2737342114002
4.9375	-10.2775911280218
4.94375	-10.2789514177123
4.95	-10.2796101922366
4.95625	-10.2804142273261
4.9625	-10.2822826441425
4.96875	-10.2833887965661
4.975	-10.2836337008705
4.98125	-10.2844911287155
4.9875	-10.2948086648986
4.99375	-10.3153699037497
5	-10.3189818630544
5.00625	-10.3184353258064
5.0125	-10.3227024752625
5.01875	-10.322794939181
5.025	-10.323037757004
5.03125	-10.3236788896583
5.0375	-10.3261530580418
5.04375	-10.3293773724496
5.05	-10.3311379544974
5.05625	-10.3329541845053
5.0625	-10.3347852787267
5.06875	-10.3365632289151
5.075	-10.3370606155719
5.08125	-10.3384402293113
5.0875	-10.339577562479
5.09375	-10.3402104610701
5.1	-10.3409248538329
5.10625	-10.3395852367902
5.1125	-10.3395629530541
5.11875	-10.3392058547305
5.125	-10.3382251550895
5.13125	-10.3376181620568
5.1375	-10.3381078889038
5.14375	-10.3377971259321
5.15	-10.3376236906055
5.15625	-10.3378781679196
5.1625	-10.3384750746465
5.16875	-10.3387436953586
5.175	-10.3388645677617
5.18125	-10.3406397987798
5.1875	-10.3422973515344
5.19375	-10.3425445715143
5.2	-10.3435201387849
5.20625	-10.3427187885182
5.2125	-10.3458669223845
5.21875	-10.3463329321959
5.225	-10.3458433902087
5.23125	-10.3507781245897
5.2375	-10.4255690886589
5.24375	-10.4628995021094
5.25	-10.4721718126201
5.25625	-10.4900851104071
5.2625	-10.4848882779779
5.26875	-10.4866725151493
5.275	-10.4874053895888
5.28125	-10.4924333644968
5.2875	-10.493975438923
5.29375	-10.4976680489944
5.3	-10.4955361529286
5.30625	-10.4973581426508
5.3125	-10.5015859049523
5.31875	-10.4993032705235
5.325	-10.5001896685557
5.33125	-10.5006929924582
5.3375	-10.5001588499076
5.34375	-10.5017272591951
5.35	-10.5017873578042
5.35625	-10.5006289630027
5.3625	-10.5001619807621
5.36875	-10.4990730316038
5.375	-10.4982767812104
5.38125	-10.497297771939
5.3875	-10.5006113293298
5.39375	-10.501857213183
5.4	-10.5042510856638
5.40625	-10.5045111231951
5.4125	-10.5024821840283
5.41875	-10.5043635952907
5.425	-10.5043039871282
5.43125	-10.507672321688
5.4375	-10.5106035849374
5.44375	-10.5105746660964
5.45	-10.5115631955262
5.45625	-10.5105572435544
5.4625	-10.5084036171218
5.46875	-10.5087291725822
5.475	-10.5075840007299
5.48125	-10.5128502449014
5.4875	-10.5598331705884
5.49375	-10.5697456850031
5.5	-10.5759244624419
5.50625	-10.5816229918876
5.5125	-10.5822351309554
5.51875	-10.5815833361295
5.525	-10.5819648470436
5.53125	-10.5833487981716
5.5375	-10.5866070041461
5.54375	-10.5845245326827
5.55	-10.5887340774816
5.55625	-10.5907688746261
5.5625	-10.594098888908
5.56875	-10.5976331665496
5.575	-10.6021281220334
5.58125	-10.605823687924
5.5875	-10.6092199915917
5.59375	-10.6100223055246
5.6	-10.6141848866238
5.60625	-10.622360247376
5.6125	-10.6295107439695
5.61875	-10.6386634396334
5.625	-10.6472948813628
5.63125	-10.6516056778271
5.6375	-10.6567949240258
5.64375	-10.6622821411026
5.65	-10.6656191428149
5.65625	-10.6691713519953
5.6625	-10.6729880420591
5.66875	-10.674603360381
5.675	-10.6750988560985
5.68125	-10.6770683716555
5.6875	-10.6778210617268
5.69375	-10.6792047195753
5.7	-10.6794569556709
5.70625	-10.6808206197875
5.7125	-10.682176228118
5.71875	-10.6836624382707
5.725	-10.684114844687
5.73125	-10.6867760270567
5.7375	-10.7030738401114
5.74375	-10.7046740174085
5.75	-10.7091439157021
5.75625	-10.7192548612615
5.7625	-10.7240424994016
5.76875	-10.7255902682343
5.775	-10.7310044061578
5.78125	-10.7310002293793
5.7875	-10.7341671469687
5.79375	-10.7341441114432
5.8	-10.7367556338432
5.80625	-10.7388436648109
5.8125	-10.740283301382
5.81875	-10.7414687776785
5.825	-10.7447284424553
5.83125	-10.7459521008608
5.8375	-10.7464945661519
5.84375	-10.751617645854
5.85	-10.7566553712951
5.85625	-10.7587728722087
5.8625	-10.7614079902063
5.86875	-10.759692420595
5.875	-10.7587287518216
5.88125	-10.7615314275382
5.8875	-10.7606722631984
5.89375	-10.7605648606665
5.9	-10.7629192792861
5.90625	-10.7658522708726
5.9125	-10.7673617933124
5.91875	-10.7671858460285
5.925	-10.7669606809197
5.93125	-10.770167665118
5.9375	-10.7676198003226
5.94375	-10.7730969450235
5.95	-10.7716412496964
5.95625	-10.7706551215501
5.9625	-10.7726211522511
5.96875	-10.7763958349423
5.975	-10.7769805789676
5.98125	-10.7842350987796
5.9875	-10.7870627892475
5.99375	-10.7894004432222
6	-10.7918871387859
6.00625	-10.7985669278712
6.0125	-10.79768233179
6.01875	-10.7969310376752
6.025	-10.7974928881211
6.03125	-10.797319951175
6.0375	-10.7970941022348
6.04375	-10.7971755495688
6.05	-10.7993224098693
6.05625	-10.8009852950963
6.0625	-10.8026008790738
6.06875	-10.8036397178677
6.075	-10.804734379829
6.08125	-10.8050195277682
6.0875	-10.8058165278831
6.09375	-10.806294566063
6.1	-10.8061136516397
6.10625	-10.8050655149171
6.1125	-10.804586743057
6.11875	-10.8029706454454
6.125	-10.8022634160101
6.13125	-10.8027752198395
6.1375	-10.8002645851227
6.14375	-10.7996983116545
6.15	-10.7994758070978
6.15625	-10.7991270608777
6.1625	-10.799598218814
6.16875	-10.8027317924145
6.175	-10.8060314197365
6.18125	-10.8101251803687
6.1875	-10.8096161579372
6.19375	-10.8068185432872
6.2	-10.8064820940924
6.20625	-10.8077453787384
6.2125	-10.8073948851554
6.21875	-10.8083136523712
6.225	-10.8128686641462
6.23125	-10.8218981618333
6.2375	-10.8352515497939
6.24375	-10.8337266784699
6.25	-10.8341207285701
6.25625	-10.8389203725781
6.2625	-10.8425417771743
6.26875	-10.8440888418467
6.275	-10.8457795806822
6.28125	-10.8453549381935
6.2875	-10.8461113891154
6.29375	-10.8436379649374
6.3	-10.8468990793562
6.30625	-10.8470855384875
6.3125	-10.8475523000338
6.31875	-10.8475128150059
6.325	-10.849875838569
6.33125	-10.8528152297895
6.3375	-10.8541159861886
6.34375	-10.8568932912438
6.35	-10.8565474267295
6.35625	-10.8602641643238
6.3625	-10.8592231298114
6.36875	-10.8591887469455
6.375	-10.8607159999698
6.38125	-10.8620784043853
6.3875	-10.8628932449417
6.39375	-10.8700981069827
6.4	-10.8713846691208
6.40625	-10.8713336957678
6.4125	-10.872532394911
6.41875	-10.8737684246532
6.425	-10.8775395843385
6.43125	-10.878276361294
6.4375	-10.8830645048344
6.44375	-10.8854301535444
6.45	-10.8886901350569
6.45625	-10.8857774663762
6.4625	-10.8911878581361
6.46875	-10.8886457320622
6.475	-10.8885637006672
6.48125	-10.9009634438652
6.4875	-10.8993561885303
6.49375	-10.96993575706
6.5	-11.0162252902738
6.50625	-11.0188040895167
6.5125	-11.01923479067
6.51875	-11.0189743488039
6.525	-11.0197564956904
6.53125	-11.0211073534525
6.5375	-11.020529230993
6.54375	-11.0235920797794
6.55	-11.0293960573283
6.55625	-11.036529429158
6.5625	-11.0354994930592
6.56875	-11.0319715321629
6.575	-11.0338152715
6.58125	-11.0346276145909
6.5875	-11.0352082353596
6.59375	-11.0401610663842
6.6	-11.0398497099426
6.60625	-11.0424263975714
6.6125	-11.0449166308269
6.61875	-11.0435311047191
6.625	-11.0428555441672
6.63125	-11.0415765732563
6.6375	-11.041861642959
6.64375	-11.0408722577285
6.65	-11.0423948310049
6.65625	-11.0411667754845
6.6625	-11.0394538289697
6.66875	-11.0376816544548
6.675	-11.0376339575637
6.68125	-11.0394637467325
6.6875	-11.0398960815992
6.69375	-11.0396444613835
6.7	-11.0398465215655
6.70625	-11.037730744767
6.7125	-11.0421759147812
6.71875	-11.0428539407023
6.725	-11.0627469510732
6.73125	-11.068942100006
6.7375	-11.0657060324585
6.74375	-11.0627676996475
6.75	-11.0691085520971
6.75625	-11.0682581904178
6.7625	-11.0695037136456
6.76875	-11.0705813959848
6.775	-11.0723722461069
6.78125	-11.0750381068258
6.7875	-11.0757314383184
6.79375	-11.0769393707352
6.8	-11.0765946936643
6.80625	-11.0775018370167
6.8125	-11.0769845884045
6.81875	-11.0781742577534
6.825	-11.0795813057982
6.83125	-11.0835207339365
6.8375	-11.0852470103058
6.84375	-11.0851323763314
6.85	-11.0862492951522
6.85625	-11.0860654319013
6.8625	-11.0865226008844
6.86875	-11.0861148389917
6.875	-11.0871789300148
6.88125	-11.0878012707372
6.8875	-11.0896795573611
6.89375	-11.0907588106583
6.9	-11.0926846615403
6.90625	-11.0910726557764
6.9125	-11.0915417330008
6.91875	-11.0928012121938
6.925	-11.0915938391438
6.93125	-11.0919436689314
6.9375	-11.091839944139
6.94375	-11.0920619171135
6.95	-11.0940222420118
6.95625	-11.0948872611836
6.9625	-11.0987234123033
6.96875	-11.1040428487689
6.975	-11.1109150159474
6.98125	-11.1104136252573
6.9875	-11.1122357364681
6.99375	-11.1119520275356
7	-11.1138368939633
7.00625	-11.1128991988485
7.0125	-11.1124848814966
7.01875	-11.1128165534097
7.025	-11.1128408910284
7.03125	-11.1135829039139
7.0375	-11.1141076681874
7.04375	-11.1138050761156
7.05	-11.1153701034136
7.05625	-11.1158710448431
7.0625	-11.1164063595329
7.06875	-11.1172413592546
7.075	-11.1174314692724
7.08125	-11.1183771472577
7.0875	-11.1189643436705
7.09375	-11.1186839061079
7.1	-11.1187658454879
7.10625	-11.1184989171156
7.1125	-11.1193480732945
7.11875	-11.1194587270546
7.125	-11.1200783020257
7.13125	-11.1193858542285
7.1375	-11.1187025914487
7.14375	-11.1189549336675
7.15	-11.116823480933
7.15625	-11.1166604353151
7.1625	-11.1181550870791
7.16875	-11.1198759713277
7.175	-11.119996484988
7.18125	-11.1228491735709
7.1875	-11.1225723099856
7.19375	-11.1249597160615
7.2	-11.1340442202556
7.20625	-11.1453822825115
7.2125	-11.1503800298561
7.21875	-11.1525624713319
7.225	-11.1521753622016
7.23125	-11.1512405114944
7.2375	-11.1497112103459
7.24375	-11.149191864662
7.25	-11.1483851487214
7.25625	-11.1502175552942
7.2625	-11.1513468796162
7.26875	-11.1537947082654
7.275	-11.1546947490846
7.28125	-11.1547634084237
7.2875	-11.1583879200774
7.29375	-11.1587788976902
7.3	-11.1589222640135
7.30625	-11.1579166053856
7.3125	-11.1560754686374
7.31875	-11.1589894156589
7.325	-11.1558501081978
7.33125	-11.1580509804688
7.3375	-11.1581119001103
7.34375	-11.1579727859717
7.35	-11.1595936629854
7.35625	-11.1579727958779
7.3625	-11.1598351860004
7.36875	-11.1590638516232
7.375	-11.1595553019228
7.38125	-11.1592373163649
7.3875	-11.1594191701287
7.39375	-11.159517557662
7.4	-11.1594723162002
7.40625	-11.157710377765
7.4125	-11.1584066978197
7.41875	-11.1586541726054
7.425	-11.1572173193483
7.43125	-11.1595890230301
7.4375	-11.1598720165286
7.44375	-11.1582936927519
7.45	-11.1600431806729
7.45625	-11.1616597817022
7.4625	-11.1795334684902
7.46875	-11.1943199515354
7.475	-11.1921766747707
7.48125	-11.1927024225606
7.4875	-11.1962518647153
7.49375	-11.1979406160701
7.5	-11.19647831698
7.50625	-11.1960593474783
7.5125	-11.1989136441911
7.51875	-11.2002651355244
7.525	-11.203103909597
7.53125	-11.2053211127186
7.5375	-11.2061330691709
7.54375	-11.2068201626291
7.55	-11.2076641715957
7.55625	-11.2098450471788
7.5625	-11.2102358648295
7.56875	-11.2101972172244
7.575	-11.2090361299642
7.58125	-11.2099508663588
7.5875	-11.2083843996381
7.59375	-11.2088445435289
7.6	-11.2096904684498
7.60625	-11.2091111105855
7.6125	-11.2103176778406
7.61875	-11.2108453672053
7.625	-11.2108254638581
7.63125	-11.2114153296603
7.6375	-11.2127841825449
7.64375	-11.2140669592028
7.65	-11.2163217266914
7.65625	-11.2172630195966
7.6625	-11.2177647420777
7.66875	-11.2205064679458
7.675	-11.2213240177204
7.68125	-11.2232761144951
7.6875	-11.2232686609703
7.69375	-11.223003900185
7.7	-11.2227345741701
7.70625	-11.2233334507661
7.7125	-11.225062632222
7.71875	-11.2248892908539
7.725	-11.2261018244952
7.73125	-11.2266467513257
7.7375	-11.2284637365295
7.74375	-11.2285299052475
7.75	-11.2288663480733
7.75625	-11.2295742610182
7.7625	-11.2304355823087
7.76875	-11.2319140952832
7.775	-11.2320382973937
7.78125	-11.2341346749656
7.7875	-11.2336622593138
7.79375	-11.2343734135074
7.8	-11.2346485942991
7.80625	-11.2346765366298
7.8125	-11.2353366146971
7.81875	-11.2359619759598
7.825	-11.2358997969106
7.83125	-11.2374724380247
7.8375	-11.2364178911917
7.84375	-11.2372390591708
7.85	-11.2381523138244
7.85625	-11.2381019678576
7.8625	-11.2392159891915
7.86875	-11.2399962084862
7.875	-11.2416501871495
7.88125	-11.2404893330469
7.8875	-11.2421814887339
7.89375	-11.2435210130739
7.9	-11.2443720409093
7.90625	-11.2461817343635
7.9125	-11.2470548123201
7.91875	-11.247244315931
7.925	-11.247684160897
7.93125	-11.2469172253251
7.9375	-11.2517850270594
7.94375	-11.2520486881221
7.95	-11.2525328160523
7.95625	-11.2546785480353
7.9625	-11.275718344311
7.96875	-11.3534382132789
7.975	-11.3606365633921
7.98125	-11.3710414298502
7.9875	-11.3434743511015
7.99375	-11.3726047123994
8	-11.368013238535
8.00625	-11.36560254643
8.0125	-11.3557847628033
8.01875	-11.3761002711334
8.025	-11.3818550974161
8.03125	-11.3333257994213
8.0375	-11.3095641543746
8.04375	-11.3028925980962
8.05	-11.2967195715469
8.05625	-11.2991123545076
8.0625	-11.2991295141069
8.06875	-11.3036226101094
8.075	-11.3003402554624
8.08125	-11.3020308183398
8.0875	-11.2986449215278
8.09375	-11.3004007606443
8.1	-11.2976221749279
8.10625	-11.2980204316993
8.1125	-11.2975214468647
8.11875	-11.2971514802451
8.125	-11.2981567772898
8.13125	-11.2973640284839
8.1375	-11.2964201735551
8.14375	-11.2969376660094
8.15	-11.2953346778171
8.15625	-11.2976742517242
8.1625	-11.2960638120177
8.16875	-11.2990199629592
8.175	-11.2985561040075
8.18125	-11.2983444476165
8.1875	-11.2996403457075
8.19375	-11.3002817465223
8.2	-11.3018901185547
8.20625	-11.3053042812252
8.2125	-11.3072915552203
8.21875	-11.3081696317705
8.225	-11.3103959393935
8.23125	-11.312808192225
8.2375	-11.3135705374639
8.24375	-11.3143810394943
8.25	-11.314918084396
8.25625	-11.3157171875245
8.2625	-11.3159982800867
8.26875	-11.3164595868921
8.275	-11.317898540508
8.28125	-11.3181862745911
8.2875	-11.3176509059952
8.29375	-11.3176442825871
8.3	-11.3184021966502
8.30625	-11.3178564385412
8.3125	-11.3193107763454
8.31875	-11.319014365887
8.325	-11.3193960793662
8.33125	-11.3194029489543
8.3375	-11.3198349869633
8.34375	-11.3196209221117
8.35	-11.3197436153928
8.35625	-11.3185473377841
8.3625	-11.319880980479
8.36875	-11.3204748012876
8.375	-11.3213632214129
8.38125	-11.3208003716397
8.3875	-11.3240350187455
8.39375	-11.3244764083555
8.4	-11.3258035483207
8.40625	-11.3247053118018
8.4125	-11.3248852778991
8.41875	-11.3239158554901
8.425	-11.323754053505
8.43125	-11.3245601120074
8.4375	-11.3227035125151
8.44375	-11.3503970914588
8.45	-11.4929506602742
8.45625	-11.509820607587
8.4625	-11.5568396995605
8.46875	-11.5165573423709
8.475	-11.5547252242802
8.48125	-11.5548675650855
8.4875	-11.5751644197122
8.49375	-11.5754233354512
8.5	-11.5873142504919
8.50625	-11.5959307267438
8.5125	-11.6054802746324
8.51875	-11.6231314727823
8.525	-11.6269058027814
8.53125	-11.6502229728051
8.5375	-11.6491065504647
8.54375	-11.6488986210635
8.55	-11.6663485835595
8.55625	-11.6711479124317
8.5625	-11.6690865217186
8.56875	-11.6898391051177
8.575	-11.6953929916088
8.58125	-11.700516133717
8.5875	-11.704416030155
8.59375	-11.7184022948906
8.6	-11.7210835390986
8.60625	-11.7168458792998
8.6125	-11.7334806294285
8.61875	-11.7367333395026
8.625	-11.7636278728345
8.63125	-11.7601646182813
8.6375	-11.7711219595898
8.64375	-11.7767522116309
8.65	-11.7762974644027
8.65625	-11.7739735043972
8.6625	-11.7689209879527
8.66875	-11.7804639679942
8.675	-11.7828008506126
8.68125	-11.7654239911229
8.6875	-11.7780237496415
8.69375	-11.7580404395024
8.7	-11.7798177109066
8.70625	-11.7653936509066
8.7125	-11.7636738219624
8.71875	-11.7579065020113
8.725	-11.7564547460462
8.73125	-11.7546971289952
8.7375	-11.7506210234738
8.74375	-11.7508277948241
8.75	-11.7489377925974
8.75625	-11.7467113920857
8.7625	-11.7460692228292
8.76875	-11.7435624341995
8.775	-11.7421624844099
8.78125	-11.7401763076826
8.7875	-11.7374591642831
8.79375	-11.7381796920195
8.8	-11.7362777293828
8.80625	-11.7374436930737
8.8125	-11.738611736873
8.81875	-11.73593901647
8.825	-11.7385696587092
8.83125	-11.7382745898041
8.8375	-11.7419516103741
8.84375	-11.7428935457007
8.85	-11.7445155587262
8.85625	-11.7436183896065
8.8625	-11.7436662227498
8.86875	-11.7460714288431
8.875	-11.7456636533649
8.88125	-11.7445798582211
8.8875	-11.742600166792
8.89375	-11.7412450631691
8.9	-11.7378396337471
8.90625	-11.7378047974938
8.9125	-11.7371439689909
8.91875	-11.7363313920096
8.925	-11.7381016273344
8.93125	-11.7370852975612
8.9375	-11.7391185347755
8.94375	-11.7436528985075
8.95	-11.7318045797884
8.95625	-11.7349055852538
8.9625	-11.7399876250061
8.96875	-11.7638814489263
8.975	-11.7491356605329
8.98125	-11.745314709205
8.9875	-11.751416733557
8.99375	-11.7907651152834
9	-11.7966912505019
9.00625	-11.7975413368779
9.0125	-11.8025145348655
9.01875	-11.8013459591854
9.025	-11.7988407946417
9.03125	-11.7997525968939
9.0375	-11.8011769791184
9.04375	-11.8029173887708
9.05	-11.803927336372
9.05625	-11.8040615138019
9.0625	-11.8037757515271
9.06875	-11.8025616099871
9.075	-11.8009801774643
9.08125	-11.8022895593159
9.0875	-11.8015831747681
9.09375	-11.8026109393596
9.1	-11.8034602019802
9.10625	-11.8044695781153
9.1125	-11.8048296590558
9.11875	-11.8058088299907
9.125	-11.8060372229606
9.13125	-11.8084172970023
9.1375	-11.8093311778601
9.14375	-11.8100780776648
9.15	-11.8103467364323
9.15625	-11.8109826569533
9.1625	-11.8116526161192
9.16875	-11.8122407410906
9.175	-11.8127984807381
9.18125	-11.8136430134666
9.1875	-11.8115242451835
9.19375	-11.8147451500899
9.2	-11.8257744363132
9.20625	-11.8281885326787
9.2125	-11.818482399506
9.21875	-11.8226075523198
9.225	-11.8235203759958
9.23125	-11.8241515024205
9.2375	-11.8248387455645
9.24375	-11.8236376106381
9.25	-11.8200567356671
9.25625	-11.8185567508044
9.2625	-11.8188785057356
9.26875	-11.8154810855288
9.275	-11.8184405949296
9.28125	-11.8165531099525
9.2875	-11.8174540262118
9.29375	-11.8167530358404
9.3	-11.8161318786861
9.30625	-11.8174175531009
9.3125	-11.8177145344443
9.31875	-11.8179053707795
9.325	-11.8163865809294
9.33125	-11.8170677518088
9.3375	-11.8160076256772
9.34375	-11.8153612508007
9.35	-11.8161878923578
9.35625	-11.8161561117123
9.3625	-11.8134892353758
9.36875	-11.813676625241
9.375	-11.813118948608
9.38125	-11.814086886801
9.3875	-11.8144094444828
9.39375	-11.8156599087608
9.4	-11.8164665128462
9.40625	-11.8178394863857
9.4125	-11.818103843642
9.41875	-11.8184165052057
9.425	-11.8191604871835
9.43125	-11.8198001112414
9.4375	-11.8193089974665
9.44375	-11.8178409740616
9.45	-11.8143637219665
9.45625	-11.814926923788
9.4625	-11.8139482310115
9.46875	-11.8152813839135
9.475	-11.8193203718785
9.48125	-11.8171745648014
9.4875	-11.815988518606
9.49375	-11.8160556073498
9.5	-11.8163037424975
9.50625	-11.8159804677575
9.5125	-11.8171866169128
9.51875	-11.8171126937862
9.525	-11.8169132188055
9.53125	-11.8171841327338
9.5375	-11.8166232202055
9.54375	-11.8163576596617
9.55	-11.8171748830255
9.55625	-11.816879815132
9.5625	-11.8168464591672
9.56875	-11.8165621094551
9.575	-11.816917934499
9.58125	-11.8164214441008
9.5875	-11.8183475799093
9.59375	-11.818708028207
9.6	-11.8200451702485
9.60625	-11.8207073767921
9.6125	-11.8219935585863
9.61875	-11.8229503548418
9.625	-11.8221986667206
9.63125	-11.8224308406947
9.6375	-11.82220898154
9.64375	-11.8228291694392
9.65	-11.8225030470333
9.65625	-11.8238571194643
9.6625	-11.823946101348
9.66875	-11.8235189445991
9.675	-11.8229355772415
9.68125	-11.8208693568859
9.6875	-11.8202242002322
9.69375	-11.8202180159555
9.7	-11.8199120052346
9.70625	-11.8229380360947
9.7125	-11.8226557054149
9.71875	-11.8213075752606
9.725	-11.8207185068758
9.73125	-11.8186610913723
9.7375	-11.8183578793194
9.74375	-11.8184782070175
9.75	-11.8188140536179
9.75625	-11.8181529877983
9.7625	-11.8187226650588
9.76875	-11.8184029155584
9.775	-11.8183082267998
9.78125	-11.8179506068229
9.7875	-11.8178178672623
9.79375	-11.8174156170208
9.8	-11.8178784634944
9.80625	-11.8184291178329
9.8125	-11.8184636470453
9.81875	-11.8184239303024
9.825	-11.8187822239521
9.83125	-11.8186908156829
9.8375	-11.8201654207694
9.84375	-11.8200546502503
9.85	-11.8209070572747
9.85625	-11.8212440322017
9.8625	-11.8222363792559
9.86875	-11.8228273800019
9.875	-11.82355501496
9.88125	-11.8237097707224
9.8875	-11.8240986569091
9.89375	-11.8241026625751
9.9	-11.8251115453525
9.90625	-11.82481536824
9.9125	-11.8244122944574
9.91875	-11.8278107642545
9.925	-11.8271078198873
9.93125	-11.824769245951
9.9375	-11.8178246460416
9.94375	-11.8145217828129
9.95	-11.8155421655772
9.95625	-11.8201943710203
9.9625	-11.821944552912
9.96875	-11.8183372561884
9.975	-11.8108570723333
9.98125	-11.8036571610421
9.9875	-11.8052195895624
9.99375	-11.817575315605
10	-11.8280820762901
10.00625	-11.8284696019102
10.0125	-11.8291082906449
10.01875	-11.8341570204487
10.025	-11.8404171738193
10.03125	-11.8409294372358
10.0375	-11.8411488922602
10.04375	-11.8455529688447
10.05	-11.8477125397183
10.05625	-11.8481619013026
10.0625	-11.8494566347519
10.06875	-11.8522219132064
10.075	-11.8538926809473
10.08125	-11.8550592282383
10.0875	-11.8557099584732
10.09375	-11.8557877653124
10.1	-11.857682935439
10.10625	-11.8579084638534
10.1125	-11.8543995572117
10.11875	-11.8510987295845
10.125	-11.847753479826
10.13125	-11.8461374742828
10.1375	-11.8453242863626
10.14375	-11.8446841452241
10.15	-11.8429705790576
10.15625	-11.8452755896483
10.1625	-11.8435987646614
10.16875	-11.8434344562676
10.175	-11.8382762933005
10.18125	-11.8397839685202
10.1875	-11.8391907171835
10.19375	-11.8410686286086
10.2	-11.8398075933982
10.20625	-11.8403278280501
10.2125	-11.8413560274917
10.21875	-11.8411824539133
10.225	-11.8407386177206
10.23125	-11.8419017084637
10.2375	-11.8417220387945
10.24375	-11.8417047700298
10.25	-11.8427500741494
10.25625	-11.8421510183853
10.2625	-11.8434533358285
10.26875	-11.8429851925059
10.275	-11.8425914910931
10.28125	-11.8423102893213
10.2875	-11.8437687489597
10.29375	-11.8439319239401
10.3	-11.8417834694493
10.30625	-11.8435949576379
10.3125	-11.8427787519103
10.31875	-11.8438043088812
10.325	-11.843747548154
10.33125	-11.8434969898947
10.3375	-11.8445558904155
10.34375	-11.8464578688258
10.35	-11.8463931829491
10.35625	-11.8459826205036
10.3625	-11.8461355700891
10.36875	-11.8472345310639
10.375	-11.8468360928248
10.38125	-11.8471039126188
10.3875	-11.846497275804
10.39375	-11.8457175240591
10.4	-11.8468445161139
10.40625	-11.8476207831173
10.4125	-11.8477058003175
10.41875	-11.8474055332497
10.425	-11.8471382378041
10.43125	-11.8442173587838
10.4375	-11.845446377765
10.44375	-11.8462845433982
10.45	-11.8458315944921
10.45625	-11.8460519295035
10.4625	-11.8455104845091
10.46875	-11.8457430138341
10.475	-11.8467633597914
10.48125	-11.8469146222837
10.4875	-11.8464284929583
10.49375	-11.8470953070667
10.5	-11.8479886972012
10.50625	-11.8474237566961
10.5125	-11.8488858222736
10.51875	-11.8488666329058
10.525	-11.848953775681
10.53125	-11.8498075767018
10.5375	-11.8526346752326
10.54375	-11.8529511850368
10.55	-11.852142555055
10.55625	-11.8555654636071
10.5625	-11.8577489549457
10.56875	-11.8554816830468
10.575	-11.8578048324712
10.58125	-11.8608657912207
10.5875	-11.8596490635457
10.59375	-11.8577647838958
10.6	-11.8627267777006
10.60625	-11.8630881205236
10.6125	-11.8593341196464
10.61875	-11.8639722182457
10.625	-11.8654699194177
10.63125	-11.8616541136038
10.6375	-11.8621866695588
10.64375	-11.866037344146
10.65	-11.8651044282172
10.65625	-11.8643485825599
10.6625	-11.8649371597255
10.66875	-11.8652636139603
10.675	-11.8638574266983
10.68125	-11.8639013715694
10.6875	-11.8645561770666
10.69375	-11.8642636676544
10.7	-11.8651642688676
10.70625	-11.8653942367203
10.7125	-11.8660514640839
10.71875	-11.8668991002783
10.725	-11.8672956368885
10.73125	-11.8678752901858
10.7375	-11.8682205545432
10.74375	-11.8685445399853
10.75	-11.8686850074131
10.75625	-11.8686679641905
10.7625	-11.8686685798866
10.76875	-11.8687203483815
10.775	-11.8693620957092
10.78125	-11.869460198219
10.7875	-11.8693255833097
10.79375	-11.8698749409751
10.8	-11.8695376647667
10.80625	-11.8695998310918
10.8125	-11.8691864299742
10.81875	-11.8692667897799
10.825	-11.8696621545587
10.83125	-11.8691998943004
10.8375	-11.8699774441084
10.84375	-11.8697704618996
10.85	-11.8704421713797
10.85625	-11.8697527224872
10.8625	-11.8704758236262
10.86875	-11.8706760172479
10.875	-11.8701243489066
10.88125	-11.8705375811529
10.8875	-11.8705043507954
10.89375	-11.8716697671864
10.9	-11.8717383648435
10.90625	-11.8719782562804
10.9125	-11.8711700077356
10.91875	-11.8711672171796
10.925	-11.8681075748461
10.93125	-11.8617337569316
10.9375	-11.8594179739167
10.94375	-11.8604769865378
10.95	-11.862051588253
10.95625	-11.8607524777912
10.9625	-11.8628457741871
10.96875	-11.8625211510923
10.975	-11.8643500616019
10.98125	-11.8650535976507
10.9875	-11.8645577010047
10.99375	-11.8641745364416
11	-11.8656702388039
11.00625	-11.8660037556108
11.0125	-11.8663904523388
11.01875	-11.8669299971862
11.025	-11.8663160906276
11.03125	-11.8653387185741
11.0375	-11.8649033026452
11.04375	-11.8652018123391
11.05	-11.8659320615244
11.05625	-11.8662011115639
11.0625	-11.8670347868005
11.06875	-11.8666600264042
11.075	-11.8670481902761
11.08125	-11.8664140954856
11.0875	-11.8665208765628
11.09375	-11.8667502765584
11.1	-11.8664602863339
11.10625	-11.8668240256302
11.1125	-11.866695665012
11.11875	-11.8665302138939
11.125	-11.8661686063282
11.13125	-11.8668791221473
11.1375	-11.8668925416971
11.14375	-11.8670801284981
11.15	-11.8669946668826
11.15625	-11.8682975001411
11.1625	-11.868082960064
11.16875	-11.8680593756551
11.175	-11.8696046910526
11.18125	-11.8649050273749
11.1875	-11.8650647581481
11.19375	-11.8662210180842
11.2	-11.8658881598492
11.20625	-11.8660412562385
11.2125	-11.8657298136847
11.21875	-11.8649051243764
11.225	-11.8650527731627
11.23125	-11.8649118177675
11.2375	-11.8646462266382
11.24375	-11.8641650939945
11.25	-11.864382728134
11.25625	-11.8639949619724
11.2625	-11.8641834732386
11.26875	-11.8640774240807
11.275	-11.8641999614355
11.28125	-11.8645721966073
11.2875	-11.8638768917982
11.29375	-11.8643936999342
11.3	-11.8640439582886
11.30625	-11.8642177915494
11.3125	-11.8645304455829
11.31875	-11.8645218007722
11.325	-11.8645831603569
11.33125	-11.8649040766629
11.3375	-11.8651143252211
11.34375	-11.8649712494697
11.35	-11.8654690293262
11.35625	-11.8654068669519
11.3625	-11.8642887293904
11.36875	-11.8665005727811
11.375	-11.8662051034387
11.38125	-11.8651857515486
11.3875	-11.8666385887305
11.39375	-11.8659546123398
11.4	-11.8663964238458
11.40625	-11.8681275454426
11.4125	-11.8660995700137
11.41875	-11.865231980439
11.425	-11.8630166050022
11.43125	-11.862548805505
11.4375	-11.8614789787747
11.44375	-11.8642513737425
11.45	-11.8669448747906
11.45625	-11.8640653674141
11.4625	-11.8649091030457
11.46875	-11.865333652812
11.475	-11.8646804984765
11.48125	-11.864459023906
11.4875	-11.8649107745839
11.49375	-11.8658785951203
11.5	-11.8657839433829
11.50625	-11.8661721314893
11.5125	-11.8666191813452
11.51875	-11.8661372233095
11.525	-11.8652318495686
11.53125	-11.8657689675972
11.5375	-11.8667599882643
11.54375	-11.8661695390396
11.55	-11.8664120144193
11.55625	-11.8661828319536
11.5625	-11.8672098443401
11.56875	-11.867149965254
11.575	-11.8666663014923
11.58125	-11.8677201116672
11.5875	-11.8677146796687
11.59375	-11.8674202280162
11.6	-11.868358078416
11.60625	-11.8682472469537
11.6125	-11.8681729738918
11.61875	-11.8690549136471
11.625	-11.8686051994719
11.63125	-11.8688236734489
11.6375	-11.8686624911464
11.64375	-11.8686475867771
11.65	-11.8687416032674
11.65625	-11.8686457354798
11.6625	-11.867559256264
11.66875	-11.8685002144295
11.675	-11.8680682739533
11.68125	-11.8676631258371
11.6875	-11.8671584951196
11.69375	-11.8676460794119
11.7	-11.8697068045462
11.70625	-11.8679484000668
11.7125	-11.8682805522638
11.71875	-11.8681104004193
11.725	-11.8702590049211
11.73125	-11.8691893506299
11.7375	-11.8667154552163
11.74375	-11.8688591783023
11.75	-11.8683463252785
11.75625	-11.8670902738771
11.7625	-11.8672484834429
11.76875	-11.8674005240862
11.775	-11.8693355960518
11.78125	-11.8677261200123
11.7875	-11.8678069133247
11.79375	-11.8697831128732
11.8	-11.8688112079809
11.80625	-11.8694109147685
11.8125	-11.8694563861701
11.81875	-11.8691935291196
11.825	-11.8689509473418
11.83125	-11.8692497440953
11.8375	-11.8689146495494
11.84375	-11.8686644899272
11.85	-11.8692438235457
11.85625	-11.869025039123
11.8625	-11.8685944989431
11.86875	-11.8695931041529
11.875	-11.8690605991192
11.88125	-11.8687063498599
11.8875	-11.8696995270022
11.89375	-11.8696675149693
11.9	-11.8695238145512
11.90625	-11.8693787900338
11.9125	-11.8688915594142
11.91875	-11.8679213657472
11.925	-11.8669543924231
11.93125	-11.8667122634931
11.9375	-11.8655922308905
11.94375	-11.8651977830695
11.95	-11.8649561582504
11.95625	-11.865430250343
11.9625	-11.8638666573458
11.96875	-11.8638611533736
11.975	-11.8649007665031
11.98125	-11.8653068418249
11.9875	-11.8662832577342
11.99375	-11.8637207885222
12	-11.8649689635298
12.00625	-11.8657443515584
12.0125	-11.8665483532144
12.01875	-11.8666182877322
12.025	-11.8663036480985
12.03125	-11.8672606949288
12.0375	-11.8660107680664
12.04375	-11.8671426048406
12.05	-11.8672164356
12.05625	-11.8683651002608
12.0625	-11.8680794869837
12.06875	-11.8693297164736
12.075	-11.8703973798459
12.08125	-11.8696973316689
12.0875	-11.8712127912919
12.09375	-11.8697422953409
12.1	-11.8702706149669
12.10625	-11.8713535000735
12.1125	-11.8707412233751
12.11875	-11.8719072011426
12.125	-11.8721317419263
12.13125	-11.8714686441547
12.1375	-11.8711430210209
12.14375	-11.8723927648704
12.15	-11.8723623132253
12.15625	-11.8743606125975
12.1625	-11.8724597726094
12.16875	-11.8721453739302
12.175	-11.8715516953252
12.18125	-11.8719425680067
12.1875	-11.8716978242612
12.19375	-11.8720246070505
12.2	-11.8715889017324
12.20625	-11.8721825668478
12.2125	-11.8714083968699
12.21875	-11.8717440370632
12.225	-11.8724238512109
12.23125	-11.8724622333794
12.2375	-11.8723059631696
12.24375	-11.8720158683663
12.25	-11.8716705118494
12.25625	-11.8719959172134
12.2625	-11.8718876979405
12.26875	-11.8721112741642
12.275	-11.8724291181798
12.28125	-11.8722530199717
12.2875	-11.8721661389382
12.29375	-11.8721287339601
12.3	-11.8721917001039
12.30625	-11.8725685491711
12.3125	-11.8722674740607
12.31875	-11.8720507462888
12.325	-11.8718972610367
12.33125	-11.8713584861694
12.3375	-11.8717715578353
12.34375	-11.8712719091919
12.35	-11.8715951311561
12.35625	-11.871763452256
12.3625	-11.8722557737469
12.36875	-11.8723203185367
12.375	-11.8726619592934
12.38125	-11.8718640738738
12.3875	-11.8748945232811
12.39375	-11.8772514694978
12.4	-11.8837227219517
12.40625	-11.8859066816206
12.4125	-11.8843877740545
12.41875	-11.8822473072205
12.425	-11.8813289732558
12.43125	-11.88044591335
12.4375	-11.8807621670684
12.44375	-11.8807767717818
12.45	-11.8812798151087
12.45625	-11.881236372059
12.4625	-11.8814556248704
12.46875	-11.8810291727467
12.475	-11.8809073746165
12.48125	-11.8812218897083
12.4875	-11.8807581239774
12.49375	-11.8806919631507
12.5	-11.8804050278491
12.50625	-11.8812466111208
12.5125	-11.8815711980342
12.51875	-11.8815962702429
12.525	-11.8813138153629
12.53125	-11.8811809691357
12.5375	-11.8813773212491
12.54375	-11.881406548005
12.55	-11.8815932642052
12.55625	-11.8817654322397
12.5625	-11.8816546001923
12.56875	-11.8824927167559
12.575	-11.8827105792258
12.58125	-11.8823246852734
12.5875	-11.8830264698452
12.59375	-11.8826922065155
12.6	-11.8826237162894
12.60625	-11.8833335173636
12.6125	-11.8827037722911
12.61875	-11.8837668251528
12.625	-11.8840343932254
12.63125	-11.8830889239249
12.6375	-11.8818800407878
12.64375	-11.8822743111883
12.65	-11.8812031278105
12.65625	-11.8812312182823
12.6625	-11.8819349913314
12.66875	-11.8818136373038
12.675	-11.881949487131
12.68125	-11.8818571436917
12.6875	-11.8817514680665
12.69375	-11.8817257711592
12.7	-11.8818191731244
12.70625	-11.8819175555356
12.7125	-11.8819808665531
12.71875	-11.8820599956174
12.725	-11.8819457772584
12.73125	-11.8825554831829
12.7375	-11.8820268877954
12.74375	-11.8823102420343
12.75	-11.8822449044949
12.75625	-11.8824742615593
12.7625	-11.8824971457891
12.76875	-11.8827862304167
12.775	-11.8829941534539
12.78125	-11.8827928917227
12.7875	-11.8829127410364
12.79375	-11.8829533043805
12.8	-11.8830185799645
12.80625	-11.8832678301442
12.8125	-11.8830189333012
12.81875	-11.8829532903342
12.825	-11.8826101798592
12.83125	-11.8827477867377
12.8375	-11.882501188542
12.84375	-11.8821744205015
12.85	-11.8820625682377
12.85625	-11.8820187112799
12.8625	-11.8817890470221
12.86875	-11.8816793496429
12.875	-11.8811874732724
12.88125	-11.8815643019618
12.8875	-11.8816071074879
12.89375	-11.8821140861688
12.9	-11.8828263054799
12.90625	-11.883955723039
12.9125	-11.8838756151173
12.91875	-11.8833964612385
12.925	-11.8842832844426
12.93125	-11.8835876904589
12.9375	-11.8832184754055
12.94375	-11.884305165346
12.95	-11.8843968890715
12.95625	-11.8842541290374
12.9625	-11.8842748974248
12.96875	-11.883906752954
12.975	-11.8842980397965
12.98125	-11.8844487423266
12.9875	-11.8843788233069
12.99375	-11.8842239983659
13	-11.8841828485539
13.00625	-11.8843310917253
13.0125	-11.8843236123559
13.01875	-11.8840327531703
13.025	-11.8842780728596
13.03125	-11.8843812872464
13.0375	-11.8842946514358
13.04375	-11.8841500797093
13.05	-11.8840553594584
13.05625	-11.8841572837923
13.0625	-11.8842271134745
13.06875	-11.8842163943249
13.075	-11.8841266777766
13.08125	-11.8842316724006
13.0875	-11.8842052076497
13.09375	-11.8841451144328
13.1	-11.8843695707414
13.10625	-11.8844521322698
13.1125	-11.8844465756327
13.11875	-11.8846144913088
13.125	-11.8848622139055
13.13125	-11.8851514265782
13.1375	-11.8840029319732
13.14375	-11.8843455701032
13.15	-11.8847523106515
13.15625	-11.8852657626049
13.1625	-11.8852743414745
13.16875	-11.8852344658322
13.175	-11.8850458076435
13.18125	-11.8849736520604
13.1875	-11.8851385697273
13.19375	-11.8846569042548
13.2	-11.8851086311064
13.20625	-11.8853200974399
13.2125	-11.8848857286095
13.21875	-11.8854518471052
13.225	-11.8852078930933
13.23125	-11.8852710279639
13.2375	-11.8854292861927
13.24375	-11.8851282694665
13.25	-11.8857879635646
13.25625	-11.8851763998988
13.2625	-11.8856737771383
13.26875	-11.8859604685932
13.275	-11.8862570254746
13.28125	-11.8860812117679
13.2875	-11.8858952840347
13.29375	-11.8859232866437
13.3	-11.8859284028855
13.30625	-11.8867164835399
13.3125	-11.8867174811251
13.31875	-11.8873389180422
13.325	-11.8872738242911
13.33125	-11.8877215121021
13.3375	-11.8873529357752
13.34375	-11.8873214524629
13.35	-11.8872915342596
13.35625	-11.8874225846531
13.3625	-11.8872445947956
13.36875	-11.8872211464406
13.375	-11.8869146801865
13.38125	-11.8859986730028
13.3875	-11.8861764915662
13.39375	-11.8861106814383
13.4	-11.8855851059476
13.40625	-11.886485602675
13.4125	-11.8876276112999
13.41875	-11.8871383917915
13.425	-11.887040509255
13.43125	-11.8889864385799
13.4375	-11.8870912714111
13.44375	-11.8875741085897
13.45	-11.8872210383877
13.45625	-11.8869417272025
13.4625	-11.8874990302919
13.46875	-11.8865304637938
13.475	-11.887155736513
13.48125	-11.8864522626171
13.4875	-11.8868314622912
13.49375	-11.887110776405
13.5	-11.8868019560183
13.50625	-11.887584526574
13.5125	-11.8864936486983
13.51875	-11.8873816893975
13.525	-11.8868680990937
13.53125	-11.8871663447268
13.5375	-11.8870117305956
13.54375	-11.8870532933948
13.55	-11.8871229646255
13.55625	-11.8869730574798
13.5625	-11.8872385935808
13.56875	-11.8872198402431
13.575	-11.8870044704624
13.58125	-11.886945383913
13.5875	-11.8871206287156
13.59375	-11.8870948809726
13.6	-11.8869958273909
13.60625	-11.8868381025995
13.6125	-11.8869721863781
13.61875	-11.886524888567
13.625	-11.8870189677747
13.63125	-11.8866772136071
13.6375	-11.8871971643731
13.64375	-11.8862950518735
13.65	-11.8863474143747
13.65625	-11.8881929547455
13.6625	-11.8875836885552
13.66875	-11.8870283717244
13.675	-11.8885004366994
13.68125	-11.8872006854989
13.6875	-11.888201697998
13.69375	-11.8876409005917
13.7	-11.8864585151272
13.70625	-11.8873087280231
13.7125	-11.8861111719881
13.71875	-11.8879364038845
13.725	-11.8877783417646
13.73125	-11.8876412712281
13.7375	-11.8883598287737
13.74375	-11.8873213507786
13.75	-11.8881930666235
13.75625	-11.8871576302676
13.7625	-11.888046331251
13.76875	-11.8873764317188
13.775	-11.8877187522668
13.78125	-11.8873479802065
13.7875	-11.8872910777083
13.79375	-11.8874911408753
13.8	-11.8874627284945
13.80625	-11.8874970239782
13.8125	-11.8876484992989
13.81875	-11.8877028567654
13.825	-11.8878016773677
13.83125	-11.8876720697184
13.8375	-11.8879177017478
13.84375	-11.8876541890692
13.85	-11.8881610632416
13.85625	-11.8877921102778
13.8625	-11.8877357294384
13.86875	-11.8875690846609
13.875	-11.8872652691787
13.88125	-11.8874792202696
13.8875	-11.8875280692204
13.89375	-11.8878592959958
13.9	-11.8879724953708
13.90625	-11.8877583024562
13.9125	-11.8866955792809
13.91875	-11.8869936683869
13.925	-11.8876096245479
13.93125	-11.8879964987033
13.9375	-11.8888510593725
13.94375	-11.8890391351716
13.95	-11.8885729805559
13.95625	-11.8883685176797
13.9625	-11.8882858505258
13.96875	-11.887956408402
13.975	-11.8878827253796
13.98125	-11.8876758525072
13.9875	-11.887751415207
13.99375	-11.887622027744
14	-11.8875458291738
14.00625	-11.8874975977548
14.0125	-11.8873681629286
14.01875	-11.8875602203075
14.025	-11.8873630731614
14.03125	-11.8873273961922
14.0375	-11.8875281088715
14.04375	-11.887522695866
14.05	-11.8876597713528
14.05625	-11.8876292078293
14.0625	-11.8878616176983
14.06875	-11.8877937951512
14.075	-11.8879754182442
14.08125	-11.8882282284554
14.0875	-11.8882346872671
14.09375	-11.8882230706009
14.1	-11.8884317269746
14.10625	-11.8882184550994
14.1125	-11.887751607409
14.11875	-11.8883951783077
14.125	-11.8881230677166
14.13125	-11.8879843013207
14.1375	-11.887946813307
14.14375	-11.8881856604209
14.15	-11.8881599384098
14.15625	-11.8880738717135
14.1625	-11.8880583134627
14.16875	-11.8878238081503
14.175	-11.888035987719
14.18125	-11.8879312133509
14.1875	-11.8881336661918
14.19375	-11.8880694637812
14.2	-11.8882430198246
14.20625	-11.8880534066733
14.2125	-11.8881180687669
14.21875	-11.8879953465466
14.225	-11.8878310819704
14.23125	-11.887791223112
14.2375	-11.887731549356
14.24375	-11.887883617464
14.25	-11.8877511465926
14.25625	-11.8876265074846
14.2625	-11.8875802395255
14.26875	-11.8875739858892
14.275	-11.8874450991743
14.28125	-11.8874595033828
14.2875	-11.8871985873002
14.29375	-11.8873534843245
14.3	-11.8873957851271
14.30625	-11.8874521067744
14.3125	-11.8874444320679
14.31875	-11.887395247091
14.325	-11.8873071940238
14.33125	-11.8873727626651
14.3375	-11.8872677422336
14.34375	-11.8874874031435
14.35	-11.8876218854408
14.35625	-11.8877798773959
14.3625	-11.886869985744
14.36875	-11.8869114665348
14.375	-11.8865487722406
14.38125	-11.8860537797108
14.3875	-11.8861795092442
14.39375	-11.8869486753433
14.4	-11.8874752569891
14.40625	-11.8871541766491
14.4125	-11.886882249181
14.41875	-11.8874898058903
14.425	-11.8873386168632
14.43125	-11.8867322003503
14.4375	-11.8874871116746
14.44375	-11.8877059312701
14.45	-11.8868549917021
14.45625	-11.8875014454195
14.4625	-11.8874082681133
14.46875	-11.887618243296
14.475	-11.8872909677342
14.48125	-11.8875466510868
14.4875	-11.8877969341312
14.49375	-11.8877053991655
14.5	-11.8872969611065
14.50625	-11.8872714288569
14.5125	-11.8872014187843
14.51875	-11.8872472209299
14.525	-11.8873350409608
14.53125	-11.8872433360929
14.5375	-11.8873838864685
14.54375	-11.8873562401435
14.55	-11.8876111456936
14.55625	-11.8868408185371
14.5625	-11.8870653516872
14.56875	-11.8873763435384
14.575	-11.8878376920024
14.58125	-11.8873223661739
14.5875	-11.8871490497114
14.59375	-11.8877085669169
14.6	-11.8886706706356
14.60625	-11.8879722107101
14.6125	-11.8880239687056
14.61875	-11.8879248312732
14.625	-11.8879175713513
14.63125	-11.8878352861666
14.6375	-11.8879628925896
14.64375	-11.8880543824844
14.65	-11.8878928127424
14.65625	-11.887903227049
14.6625	-11.8878850676613
14.66875	-11.8877169356556
14.675	-11.887564062615
14.68125	-11.8875229715977
14.6875	-11.8875780501626
14.69375	-11.8878304321738
14.7	-11.8875456360632
14.70625	-11.8877166868018
14.7125	-11.8875422187635
14.71875	-11.8875305193518
14.725	-11.8874774783387
14.73125	-11.8875017147642
14.7375	-11.8875014516628
14.74375	-11.8873687870123
14.75	-11.8873365403834
14.75625	-11.8872481047457
14.7625	-11.8871212439886
14.76875	-11.8869612370309
14.775	-11.8869549603883
14.78125	-11.8867454078647
14.7875	-11.8866041731173
14.79375	-11.8865050993694
14.8	-11.8863290840169
14.80625	-11.8863223861974
14.8125	-11.8861202552305
14.81875	-11.8860881920247
14.825	-11.8859330588747
14.83125	-11.8857340487727
14.8375	-11.8856424979964
14.84375	-11.8855472103745
14.85	-11.8855291337632
14.85625	-11.8854856169023
14.8625	-11.8852500378706
14.86875	-11.8855528728244
14.875	-11.8860356727764
14.88125	-11.8868734423879
14.8875	-11.8865684334649
14.89375	-11.8861467162981
14.9	-11.8858084498316
14.90625	-11.8857567253569
14.9125	-11.8857651546557
14.91875	-11.8856646966976
14.925	-11.8859182892312
14.93125	-11.8860847128945
14.9375	-11.8861331805301
14.94375	-11.8858759970711
14.95	-11.8860368384404
14.95625	-11.8858093027784
14.9625	-11.8859734825881
14.96875	-11.8858040314662
14.975	-11.8858183974413
14.98125	-11.8857558094639
14.9875	-11.8857849629674
14.99375	-11.8856953077835
15	-11.8856949836446
15.00625	-11.8857104827506
15.0125	-11.8857149980106
15.01875	-11.885711907984
15.025	-11.8857155833685
15.03125	-11.8858160007887
15.0375	-11.8856668647435
15.04375	-11.8856830767659
15.05	-11.8857467452437
15.05625	-11.8856072492127
15.0625	-11.8856903464705
15.06875	-11.8859128558128
15.075	-11.8857287264731
15.08125	-11.8858749796307
15.0875	-11.8860725032319
15.09375	-11.8861910189185
15.1	-11.8858441055375
15.10625	-11.8858883294742
15.1125	-11.8851025058748
15.11875	-11.8852024917344
15.125	-11.8854843194276
15.13125	-11.886159806532
15.1375	-11.8872637072979
15.14375	-11.8871053140189
15.15	-11.8869562718887
15.15625	-11.8870634640294
15.1625	-11.8872555393461
15.16875	-11.8863645676142
15.175	-11.8863003285567
15.18125	-11.8866420317363
15.1875	-11.8866951230136
15.19375	-11.8868047766506
15.2	-11.8868428990337
15.20625	-11.8867008281668
15.2125	-11.8865995985397
15.21875	-11.8865537976598
15.225	-11.8867077781016
15.23125	-11.88628758973
15.2375	-11.8866724026008
15.24375	-11.8865805413082
15.25	-11.8867933015949
15.25625	-11.8869461822297
15.2625	-11.8867601282878
15.26875	-11.8866927671848
15.275	-11.8863557575216
15.28125	-11.8862656143209
15.2875	-11.8864825007189
15.29375	-11.8863626151683
15.3	-11.8863797888429
15.30625	-11.886625586382
15.3125	-11.886754109856
15.31875	-11.8868031989052
15.325	-11.8866516380752
15.33125	-11.8868674168141
15.3375	-11.887073429915
15.34375	-11.8868200323199
15.35	-11.8872374179968
15.35625	-11.8877822667622
15.3625	-11.8873900287125
15.36875	-11.8862015100555
15.375	-11.8855486544225
15.38125	-11.8854882403478
15.3875	-11.8858537732951
15.39375	-11.8860418640055
15.4	-11.8864835095941
15.40625	-11.8864331269491
15.4125	-11.886465357155
15.41875	-11.8866720465291
15.425	-11.88702984249
15.43125	-11.8872230719305
15.4375	-11.8868827209778
15.44375	-11.8865866187166
15.45	-11.8867137720719
15.45625	-11.8866363205526
15.4625	-11.8866664158355
15.46875	-11.886680594169
15.475	-11.8866622439855
15.48125	-11.8865548630504
15.4875	-11.8865242060457
15.49375	-11.886513435374
15.5	-11.8868793520446
15.50625	-11.8866276644283
15.5125	-11.886529728777
15.51875	-11.8868853114671
15.525	-11.8868921461234
15.53125	-11.8868614293237
15.5375	-11.8867538198889
15.54375	-11.8871857920212
15.55	-11.8866311525478
15.55625	-11.8866936073927
15.5625	-11.887118780196
15.56875	-11.8870933023519
15.575	-11.886940373736
15.58125	-11.8872590608157
15.5875	-11.8868933151639
15.59375	-11.8869592773024
15.6	-11.8870240185913
15.60625	-11.8872222727781
15.6125	-11.8871085480821
15.61875	-11.8873302650668
15.625	-11.8873344367019
15.63125	-11.8869777084273
15.6375	-11.8867605254719
15.64375	-11.8868875302791
15.65	-11.8873364925891
15.65625	-11.8875429593695
15.6625	-11.887134145855
15.66875	-11.8869527072767
15.675	-11.8874616062597
15.68125	-11.8877700063109
15.6875	-11.8871125100935
15.69375	-11.887234193491
15.7	-11.8872505417247
15.70625	-11.8872713715853
15.7125	-11.8872221777092
15.71875	-11.8872665444694
15.725	-11.8872629485015
15.73125	-11.8873684289224
15.7375	-11.8871902375156
15.74375	-11.8872104583414
15.75	-11.8875973363276
15.75625	-11.8873440702316
15.7625	-11.8873565064756
15.76875	-11.8873286173054
15.775	-11.8874373607898
15.78125	-11.8873607075178
15.7875	-11.8872784187568
15.79375	-11.8878932532732
15.8	-11.8873488867473
15.80625	-11.8870009172113
15.8125	-11.8877671339437
15.81875	-11.88734377829
15.825	-11.8870801816252
15.83125	-11.8871978477153
15.8375	-11.8871981600671
15.84375	-11.8874354614937
15.85	-11.8868192643238
15.85625	-11.8869125890653
15.8625	-11.886712337457
15.86875	-11.8873074844965
15.875	-11.8872694974023
15.88125	-11.887016750911
15.8875	-11.8872607827012
15.89375	-11.8874633415986
15.9	-11.8874894445681
15.90625	-11.8871150116927
15.9125	-11.8872696940223
15.91875	-11.8872570938952
15.925	-11.8874258562026
15.93125	-11.8875202178972
15.9375	-11.8874796061694
15.94375	-11.8875225115341
15.95	-11.8873297209672
15.95625	-11.8874127270408
15.9625	-11.8873222114755
15.96875	-11.8873228719552
15.975	-11.8874358262697
15.98125	-11.8874120181661
15.9875	-11.8872874050236
15.99375	-11.88713761226
16	-11.8871946331557
16.00625	-11.8872209483689
16.0125	-11.887184927374
16.01875	-11.8871253343356
16.025	-11.8872239263287
16.03125	-11.8874549841767
16.0375	-11.8873930468974
16.04375	-11.8874120612882
16.05	-11.8874286863556
16.05625	-11.887114181087
16.0625	-11.8872090563373
16.06875	-11.8875285811413
16.075	-11.8875835700918
16.08125	-11.887466649123
16.0875	-11.8874003183611
16.09375	-11.8869967958174
16.1	-11.8874349252997
16.10625	-11.8876633517153
16.1125	-11.8875503101397
16.11875	-11.8881444935498
16.125	-11.8878973685803
16.13125	-11.8872461768786
16.1375	-11.8874618967368
16.14375	-11.8879064773936
16.15	-11.8879012645055
16.15625	-11.8878053276343
16.1625	-11.8878819533679
16.16875	-11.887817670254
16.175	-11.8876221152953
16.18125	-11.8876636396786
16.1875	-11.8876926817975
16.19375	-11.8876183222456
16.2	-11.8875293297693
16.20625	-11.8881241069893
16.2125	-11.8879206592945
16.21875	-11.8878799520706
16.225	-11.8882474353022
16.23125	-11.8883453556146
16.2375	-11.8885155376855
16.24375	-11.8884849592347
16.25	-11.8880557195854
16.25625	-11.8878816355733
16.2625	-11.8877280768578
16.26875	-11.8879705522082
16.275	-11.8879143726685
16.28125	-11.8878957971115
16.2875	-11.887660103605
16.29375	-11.887674002276
16.3	-11.8877595523164
16.30625	-11.8879523834265
16.3125	-11.8880499463486
16.31875	-11.8880515996386
16.325	-11.8881719632577
16.33125	-11.888024403325
16.3375	-11.8885136572839
16.34375	-11.8879741401266
16.35	-11.8873208154067
16.35625	-11.8874265946659
16.3625	-11.8876394514971
16.36875	-11.8875532877099
16.375	-11.8887523860875
16.38125	-11.8889081062949
16.3875	-11.8887457871104
16.39375	-11.8894662489162
16.4	-11.8890563737686
16.40625	-11.8895252455554
16.4125	-11.8894089911759
16.41875	-11.8895633109634
16.425	-11.8898444250396
16.43125	-11.8899019743955
16.4375	-11.8897320374844
16.44375	-11.8900475662996
16.45	-11.8905920479837
16.45625	-11.8895872121843
16.4625	-11.8900173180657
16.46875	-11.8899034703449
16.475	-11.8902193631475
16.48125	-11.8899360885357
16.4875	-11.8901191676679
16.49375	-11.8906033674707
16.5	-11.890559778368
16.50625	-11.8903433671493
16.5125	-11.8901428896051
16.51875	-11.8901186356573
16.525	-11.8900178040589
16.53125	-11.8899344441395
16.5375	-11.8899544775122
16.54375	-11.8897394858604
16.55	-11.8896980512295
16.55625	-11.8891985086914
16.5625	-11.8900106561499
16.56875	-11.8888454550005
16.575	-11.8891020959119
16.58125	-11.888376077444
16.5875	-11.8884963524787
16.59375	-11.8887636570064
16.6	-11.888573880973
16.60625	-11.8888212099178
16.6125	-11.8885558991022
16.61875	-11.8888978798146
16.625	-11.8884266402433
16.63125	-11.8885714621573
16.6375	-11.8889119689885
16.64375	-11.8887947329385
16.65	-11.8884310581282
16.65625	-11.8890356432666
16.6625	-11.8890255967623
16.66875	-11.8892874204411
16.675	-11.8891848088877
16.68125	-11.8892850162223
16.6875	-11.8889170022402
16.69375	-11.8891263000467
16.7	-11.8889102386679
16.70625	-11.8886151615322
16.7125	-11.8883122268066
16.71875	-11.8882657045705
16.725	-11.8881578259429
16.73125	-11.888080472612
16.7375	-11.888117490172
16.74375	-11.8879954648399
16.75	-11.8878943885378
16.75625	-11.8878705739465
16.7625	-11.8879043751387
16.76875	-11.8878029284679
16.775	-11.8877571259274
16.78125	-11.8876123088739
16.7875	-11.8875570590558
16.79375	-11.8875261848782
16.8	-11.8874094910169
16.80625	-11.8873061131002
16.8125	-11.8875122240748
16.81875	-11.8876167405004
16.825	-11.8875928019475
16.83125	-11.8879281472319
16.8375	-11.8882055527451
16.84375	-11.8882380470683
16.85	-11.8879136517089
16.85625	-11.8880886116425
16.8625	-11.8881277697979
16.86875	-11.888022374542
16.875	-11.8880703816864
16.88125	-11.8880833520037
16.8875	-11.8879642294346
16.89375	-11.8880881782442
16.9	-11.8882366775442
16.90625	-11.8881974123604
16.9125	-11.8882603632811
16.91875	-11.8883196253685
16.925	-11.8883906071322
16.93125	-11.8883726399489
16.9375	-11.8883946532373
16.94375	-11.8882222586817
16.95	-11.8882980789625
16.95625	-11.8881733526744
16.9625	-11.8881955079559
16.96875	-11.8881564034282
16.975	-11.8881516276366
16.98125	-11.8882201129034
16.9875	-11.8882453014494
16.99375	-11.8883370648194
17	-11.8882123621084
17.00625	-11.8882352786297
17.0125	-11.8881710927841
17.01875	-11.8881432562425
17.025	-11.8879682372178
17.03125	-11.8880148647844
17.0375	-11.8878803216038
17.04375	-11.8880281927351
17.05	-11.8879867841003
17.05625	-11.8879489545663
17.0625	-11.8880938301645
17.06875	-11.8881007730704
17.075	-11.888294510473
17.08125	-11.8881652899907
17.0875	-11.8885323415955
17.09375	-11.8889899782916
17.1	-11.8893693452362
17.10625	-11.8886572497069
17.1125	-11.8888214688914
17.11875	-11.8887070734783
17.125	-11.8892397124133
17.13125	-11.888951156104
17.1375	-11.8891805740707
17.14375	-11.8893706371775
17.15	-11.8896453422365
17.15625	-11.8893719512911
17.1625	-11.8894131330034
17.16875	-11.8895017213902
17.175	-11.889524943997
17.18125	-11.8893588706465
17.1875	-11.8893368861786
17.19375	-11.8892316959278
17.2	-11.8893175241358
17.20625	-11.8892568136971
17.2125	-11.8893972443435
17.21875	-11.8891373080609
17.225	-11.8890441529153
17.23125	-11.8890297502887
17.2375	-11.8891155891486
17.24375	-11.889216939179
17.25	-11.8891735785658
17.25625	-11.8891199289251
17.2625	-11.889052915511
17.26875	-11.8890852578209
17.275	-11.889250483127
17.28125	-11.8894433559061
17.2875	-11.8894902461423
17.29375	-11.8895469443623
17.3	-11.8896000494019
17.30625	-11.8896362828915
17.3125	-11.8895220235234
17.31875	-11.8894831661664
17.325	-11.8896741061928
17.33125	-11.8892845658315
17.3375	-11.8892930059114
17.34375	-11.8892911532133
17.35	-11.8893758462969
17.35625	-11.8895286936276
17.3625	-11.88958278525
17.36875	-11.8897642659455
17.375	-11.8895230792706
17.38125	-11.8898447714262
17.3875	-11.8896322559625
17.39375	-11.8896976531725
17.4	-11.8900160941985
17.40625	-11.8900265545169
17.4125	-11.8900569716746
17.41875	-11.8900715609801
17.425	-11.8900499233489
17.43125	-11.8899392292584
17.4375	-11.8898377051028
17.44375	-11.8899736924851
17.45	-11.889761467896
17.45625	-11.8896776860174
17.4625	-11.8898823522919
17.46875	-11.8896778113711
17.475	-11.8900465407924
17.48125	-11.8898155629168
17.4875	-11.8899894559835
17.49375	-11.8898556029079
17.5	-11.8896910250558
17.50625	-11.8897554808189
17.5125	-11.8895534294136
17.51875	-11.8894917038192
17.525	-11.8896901400171
17.53125	-11.8895184313231
17.5375	-11.8895943356241
17.54375	-11.8897354947461
17.55	-11.8894550541821
17.55625	-11.8896016793016
17.5625	-11.8895346153108
17.56875	-11.8894867649436
17.575	-11.8893259767682
17.58125	-11.889316679185
17.5875	-11.889637494714
17.59375	-11.8898543380218
17.6	-11.889631410284
17.60625	-11.8895485059534
17.6125	-11.8894886673843
17.61875	-11.8895412375159
17.625	-11.8894932686371
17.63125	-11.8893811142607
17.6375	-11.8895258432339
17.64375	-11.8893599539894
17.65	-11.8896217599348
17.65625	-11.88953153205
17.6625	-11.8896855721429
17.66875	-11.8896346070257
17.675	-11.8896723641057
17.68125	-11.8896216588875
17.6875	-11.8894999502252
17.69375	-11.8895069224893
17.7	-11.8894329135146
17.70625	-11.8895479502513
17.7125	-11.8892543692885
17.71875	-11.8895486316816
17.725	-11.8893784636877
17.73125	-11.8895178819712
17.7375	-11.8896288865892
17.74375	-11.8896711641329
17.75	-11.889727875219
17.75625	-11.8897280232778
17.7625	-11.8899199059697
17.76875	-11.8898566114812
17.775	-11.8900231714406
17.78125	-11.8899793083706
17.7875	-11.8899739754018
17.79375	-11.8899111789024
17.8	-11.8900375097443
17.80625	-11.8899046140155
17.8125	-11.8899727214975
17.81875	-11.8899718168776
17.825	-11.890074942323
17.83125	-11.8900997023219
17.8375	-11.8901357883037
17.84375	-11.8901511984425
17.85	-11.8900527051756
17.85625	-11.8898649864799
17.8625	-11.889966580701
17.86875	-11.8899528573901
17.875	-11.8897476348994
17.88125	-11.8898518900081
17.8875	-11.8897686491935
17.89375	-11.8897377621961
17.9	-11.8898689671849
17.90625	-11.8896416605674
17.9125	-11.8896187109177
17.91875	-11.8897269100051
17.925	-11.8896177144374
17.93125	-11.889574445896
17.9375	-11.8896351243783
17.94375	-11.8896340915131
17.95	-11.8896849067807
17.95625	-11.8896642849229
17.9625	-11.8896103816319
17.96875	-11.8897037712168
17.975	-11.8896065737545
17.98125	-11.8896681280265
17.9875	-11.8896488039052
17.99375	-11.8894694850306
18	-11.8896072355929
18.00625	-11.8896292248591
18.0125	-11.8895607933051
18.01875	-11.889614729494
18.025	-11.8896207983073
18.03125	-11.8896336378091
18.0375	-11.8896539317711
18.04375	-11.889595366845
18.05	-11.8896332180783
18.05625	-11.8896195094752
18.0625	-11.8896931833757
18.06875	-11.8897570804072
18.075	-11.889767485098
18.08125	-11.8896547086583
18.0875	-11.8897729240294
18.09375	-11.8896048248936
18.1	-11.8897257950213
18.10625	-11.889832202292
18.1125	-11.88966781498
18.11875	-11.8896937317283
18.125	-11.8897178652311
18.13125	-11.8897500804082
18.1375	-11.8898872700395
18.14375	-11.8897402289843
18.15	-11.889932388889
18.15625	-11.8898511333764
18.1625	-11.8898922847623
18.16875	-11.889919421894
18.175	-11.8897880483816
18.18125	-11.8900406919763
18.1875	-11.8898343925798
18.19375	-11.889948081225
18.2	-11.8898962363519
18.20625	-11.8899381158858
18.2125	-11.8898481085657
18.21875	-11.8898783148925
18.225	-11.8898832759136
18.23125	-11.8898159914891
18.2375	-11.8897610667071
18.24375	-11.8897958751807
18.25	-11.8898143298451
18.25625	-11.8898667582977
18.2625	-11.889716367702
18.26875	-11.8898134992059
18.275	-11.889861240636
18.28125	-11.8897872310638
18.2875	-11.8897146072671
18.29375	-11.8897127011272
18.3	-11.8898039788938
18.30625	-11.8896778380492
18.3125	-11.8893931862452
18.31875	-11.8889665938203
18.325	-11.8889850690573
18.33125	-11.8891922077914
18.3375	-11.8892280191491
18.34375	-11.8891331860347
18.35	-11.8892876854452
18.35625	-11.889069633648
18.3625	-11.889191889356
18.36875	-11.8890161510054
18.375	-11.8891688443889
18.38125	-11.8891992736063
18.3875	-11.8892082545581
18.39375	-11.8891663805123
18.4	-11.8892390217722
18.40625	-11.8891431499948
18.4125	-11.8890967923002
18.41875	-11.8891396515501
18.425	-11.8891521111919
18.43125	-11.8892031068733
18.4375	-11.8891812195777
18.44375	-11.889137872889
18.45	-11.8892461289253
18.45625	-11.8892207704436
18.4625	-11.8892584047431
18.46875	-11.8892948510852
18.475	-11.8892360928585
18.48125	-11.8891778179358
18.4875	-11.8892851041603
18.49375	-11.8893332312677
18.5	-11.8891430720604
18.50625	-11.889339735475
18.5125	-11.8894908644291
18.51875	-11.8894516251649
18.525	-11.8892608290587
18.53125	-11.889447343696
18.5375	-11.8896850749252
18.54375	-11.8895238815471
18.55	-11.8897360212936
18.55625	-11.8898085714148
18.5625	-11.8898313966212
18.56875	-11.8898454418759
18.575	-11.8898683025596
18.58125	-11.8898753371018
18.5875	-11.8897672887287
18.59375	-11.8897600411159
18.6	-11.88981175551
18.60625	-11.8898528315763
18.6125	-11.8899241596502
18.61875	-11.8899075242908
18.625	-11.8899563969033
18.63125	-11.8898699362722
18.6375	-11.889935261097
18.64375	-11.8899817889615
18.65	-11.8899778601246
18.65625	-11.889921258371
18.6625	-11.8899763357531
18.66875	-11.889950975184
18.675	-11.8899850398599
18.68125	-11.8902327118039
18.6875	-11.8901645586294
18.69375	-11.8899138606958
18.7	-11.8902656560725
18.70625	-11.8901640014445
18.7125	-11.8902190685807
18.71875	-11.8901820060397
18.725	-11.8901442288707
18.73125	-11.8900936717556
18.7375	-11.8901939237906
18.74375	-11.8903987721259
18.75	-11.8901114426186
18.75625	-11.8903471346845
18.7625	-11.8901971269346
18.76875	-11.8901566773331
18.775	-11.8902937638511
18.78125	-11.8902920662708
18.7875	-11.89023632788
18.79375	-11.8902684611717
18.8	-11.8903279069855
18.80625	-11.8902142736274
18.8125	-11.890268745956
18.81875	-11.8902890389835
18.825	-11.8899548432111
18.83125	-11.8897191565596
18.8375	-11.8893898698149
18.84375	-11.8897245833774
18.85	-11.8897453370135
18.85625	-11.8893939426012
18.8625	-11.8894616774133
18.86875	-11.8895746648831
18.875	-11.8894929945025
18.88125	-11.8893638692454
18.8875	-11.8892929556203
18.89375	-11.8892779299
18.9	-11.8893646771397
18.90625	-11.8893655063324
18.9125	-11.8893034346616
18.91875	-11.8893712485533
18.925	-11.8895232689071
18.93125	-11.8894508076888
18.9375	-11.8894998873523
18.94375	-11.8895464713027
18.95	-11.889516190134
18.95625	-11.8895570557842
18.9625	-11.8895754402566
18.96875	-11.8895292857572
18.975	-11.8895604344968
18.98125	-11.8896310744375
18.9875	-11.889576138707
18.99375	-11.8895838537461
19	-11.8894825588463
19.00625	-11.8895577043957
19.0125	-11.8896389737768
19.01875	-11.8896352595312
19.025	-11.8896611147898
19.03125	-11.889645733311
19.0375	-11.8895641330976
19.04375	-11.8896884912418
19.05	-11.8899859213561
19.05625	-11.8900168175986
19.0625	-11.8898024545041
19.06875	-11.8897435768933
19.075	-11.8897420179437
19.08125	-11.889786155729
19.0875	-11.8899260334848
19.09375	-11.8898071213011
19.1	-11.8898535051811
19.10625	-11.8897748741816
19.1125	-11.8898026304548
19.11875	-11.8898504710783
19.125	-11.889759020225
19.13125	-11.890029986403
19.1375	-11.8899525501043
19.14375	-11.8898004882522
19.15	-11.8897363623982
19.15625	-11.8897595224989
19.1625	-11.8896319978586
19.16875	-11.889671749607
19.175	-11.8896033343631
19.18125	-11.8896167695979
19.1875	-11.8896089870692
19.19375	-11.8895336850073
19.2	-11.8895259420648
19.20625	-11.8895466471278
19.2125	-11.8894793557235
19.21875	-11.8894855615437
19.225	-11.8895206600838
19.23125	-11.8894327560274
19.2375	-11.8895337930243
19.24375	-11.8895429780562
19.25	-11.8895297020104
19.25625	-11.8895673631202
19.2625	-11.8895121504368
19.26875	-11.8893965519393
19.275	-11.8896445335981
19.28125	-11.8895080571386
19.2875	-11.8895542397742
19.29375	-11.8894464990261
19.3	-11.8898376271245
19.30625	-11.8896321849416
19.3125	-11.889157756741
19.31875	-11.889029416733
19.325	-11.8891681062841
19.33125	-11.8890755680891
19.3375	-11.8891488143171
19.34375	-11.8893804722118
19.35	-11.8894446656255
19.35625	-11.8894012746869
19.3625	-11.8895362676689
19.36875	-11.8891190248623
19.375	-11.8894768147043
19.38125	-11.8895164659765
19.3875	-11.8895175892384
19.39375	-11.8894189278428
19.4	-11.8895278050548
19.40625	-11.8896185675485
19.4125	-11.8895934853889
19.41875	-11.8894362793829
19.425	-11.8895550444214
19.43125	-11.8896601674765
19.4375	-11.8894288870571
19.44375	-11.8894366989269
19.45	-11.8895331550079
19.45625	-11.8895521699975
19.4625	-11.8894876476125
19.46875	-11.8894696143569
19.475	-11.8896020580653
19.48125	-11.8895256570513
19.4875	-11.8895481939028
19.49375	-11.8896497067159
19.5	-11.8896328650717
19.50625	-11.889643590481
19.5125	-11.8896942302015
19.51875	-11.8896704541601
19.525	-11.88973449891
19.53125	-11.8898300899952
19.5375	-11.8898091541058
19.54375	-11.8897700121431
19.55	-11.8897557186733
19.55625	-11.8897256586138
19.5625	-11.8896592827668
19.56875	-11.8897305846907
19.575	-11.8897203035742
19.58125	-11.8896829982406
19.5875	-11.889638023261
19.59375	-11.8898294175036
19.6	-11.8899035526039
19.60625	-11.8898343934728
19.6125	-11.889795054381
19.61875	-11.8897781782383
19.625	-11.8896989532063
19.63125	-11.8897622127427
19.6375	-11.8897617772653
19.64375	-11.8896645711567
19.65	-11.889639112489
19.65625	-11.889706398829
19.6625	-11.8896632964761
19.66875	-11.8897675961448
19.675	-11.889671174142
19.68125	-11.8895894401011
19.6875	-11.8897499998514
19.69375	-11.8897366566498
19.7	-11.8896539593922
19.70625	-11.8897317237008
19.7125	-11.8896383092261
19.71875	-11.8895763841677
19.725	-11.8896409815159
19.73125	-11.8896754078827
19.7375	-11.8895913904506
19.74375	-11.8896425894785
19.75	-11.8895954892616
19.75625	-11.8895575596519
19.7625	-11.8895441984605
19.76875	-11.8894724701087
19.775	-11.8898339764839
19.78125	-11.8895741216453
19.7875	-11.8896135181735
19.79375	-11.8900242962346
19.8	-11.8899187541542
19.80625	-11.8897409668224
19.8125	-11.8897268126898
19.81875	-11.8896424562324
19.825	-11.8896531541763
19.83125	-11.8896505578814
19.8375	-11.8895180427602
19.84375	-11.889785341738
19.85	-11.8898432802322
19.85625	-11.8902791433259
19.8625	-11.8899416500571
19.86875	-11.8894487536853
19.875	-11.8900739467544
19.88125	-11.8900561475844
19.8875	-11.8898065348392
19.89375	-11.8897753565546
19.9	-11.8897630775894
19.90625	-11.8896816022102
19.9125	-11.8896015646771
19.91875	-11.8895137709695
19.925	-11.8895566016572
19.93125	-11.8895139362687
19.9375	-11.88923707107
19.94375	-11.8893778432234
19.95	-11.8895304448733
19.95625	-11.88937920841
19.9625	-11.8894197115466
19.96875	-11.8893459625472
19.975	-11.8892861855703
19.98125	-11.8894187248248
19.9875	-11.8893468873298
19.99375	-11.8893721140318
20	-11.8893555017746
20.00625	-11.8893314097696
20.0125	-11.8894163382343
20.01875	-11.8893022199615
20.025	-11.8892859649477
20.03125	-11.8891948141116
20.0375	-11.8892464028008
20.04375	-11.8892600204486
20.05	-11.889329104399
20.05625	-11.8893703635066
20.0625	-11.8892194279129
20.06875	-11.8892198326959
20.075	-11.8891880986752
20.08125	-11.8892486549076
20.0875	-11.8892767092795
20.09375	-11.8892699311292
20.1	-11.8893088418212
20.10625	-11.8893785090107
20.1125	-11.8893318436823
20.11875	-11.8893330201783
20.125	-11.8893424701389
20.13125	-11.8893420455314
20.1375	-11.8893448908266
20.14375	-11.8894199156989
20.15	-11.8894156708947
20.15625	-11.8894339344306
20.1625	-11.8894485500376
20.16875	-11.8894068630352
20.175	-11.8894533335193
20.18125	-11.8894784251067
20.1875	-11.8894919703714
20.19375	-11.8895635494623
20.2	-11.8895522698306
20.20625	-11.8896299812236
20.2125	-11.8896194845303
20.21875	-11.8896253380953
20.225	-11.8896754125459
20.23125	-11.8897453147856
20.2375	-11.8897974532611
20.24375	-11.8896748252657
20.25	-11.8896167590499
20.25625	-11.8898711883277
20.2625	-11.8900851054937
20.26875	-11.8900703672164
20.275	-11.8903401434109
20.28125	-11.8906522834702
20.2875	-11.8910279729641
20.29375	-11.8909922055405
20.3	-11.890893867723
20.30625	-11.8907337469512
20.3125	-11.8906674017078
20.31875	-11.8908416798377
20.325	-11.8907328888589
20.33125	-11.8907756368871
20.3375	-11.8907345437272
20.34375	-11.8907581452711
20.35	-11.8907267569197
20.35625	-11.8907511704104
20.3625	-11.8909102127899
20.36875	-11.89089294
20.375	-11.8910457920393
20.38125	-11.8910311897076
20.3875	-11.8910957711066
20.39375	-11.8910849833544
20.4	-11.8910993079304
20.40625	-11.8909747359261
20.4125	-11.8909665919217
20.41875	-11.8910208496832
20.425	-11.8909443265934
20.43125	-11.890936188929
20.4375	-11.8909674151773
20.44375	-11.8909453550472
20.45	-11.8909513465843
20.45625	-11.89088638806
20.4625	-11.8910073655052
20.46875	-11.8909073201962
20.475	-11.8908000466679
20.48125	-11.8908782721169
20.4875	-11.890838010409
20.49375	-11.8907310227
20.5	-11.8907116587272
20.50625	-11.8907462758771
20.5125	-11.8907437524915
20.51875	-11.8906630076223
20.525	-11.8907466656122
20.53125	-11.8908125456343
20.5375	-11.8909687407556
20.54375	-11.891356487505
20.55	-11.8913556586282
20.55625	-11.8915740946372
20.5625	-11.8915074293081
20.56875	-11.8913697170523
20.575	-11.8914654960922
20.58125	-11.8913925117961
20.5875	-11.8913928832109
20.59375	-11.8914704955879
20.6	-11.8913269567046
20.60625	-11.8914956966497
20.6125	-11.8914527354802
20.61875	-11.8913762574508
20.625	-11.8914197622212
20.63125	-11.8913401444236
20.6375	-11.8913395858219
20.64375	-11.8913613192773
20.65	-11.8913265721327
20.65625	-11.891341725157
20.6625	-11.8914341476781
20.66875	-11.8912928317976
20.675	-11.8913578192601
20.68125	-11.8914965384013
20.6875	-11.8913517496494
20.69375	-11.8913580216464
20.7	-11.891345709292
20.70625	-11.8913212135641
20.7125	-11.8914129456856
20.71875	-11.8913611538188
20.725	-11.8912843243848
20.73125	-11.8914085287485
20.7375	-11.8914428444477
20.74375	-11.8913900062806
20.75	-11.8913448297883
20.75625	-11.8913765500293
20.7625	-11.8913416430461
20.76875	-11.8913726304533
20.775	-11.8913765985074
20.78125	-11.8913788977093
20.7875	-11.8913679761378
20.79375	-11.8911107342134
20.8	-11.8909973422271
20.80625	-11.8911385970448
20.8125	-11.8912177539866
20.81875	-11.891205163264
20.825	-11.8911173005228
20.83125	-11.8909344818504
20.8375	-11.8909292679052
20.84375	-11.8907569128897
20.85	-11.8906982192257
20.85625	-11.8909236156373
20.8625	-11.8909836430541
20.86875	-11.8909140566504
20.875	-11.8907866399718
20.88125	-11.8908065972944
20.8875	-11.8908209392625
20.89375	-11.8907919019896
20.9	-11.8907794826468
20.90625	-11.8908189240637
20.9125	-11.8908441631867
20.91875	-11.8908388586879
20.925	-11.8908649581041
20.93125	-11.8908703985888
20.9375	-11.8908697796765
20.94375	-11.8908225213991
20.95	-11.8908286068761
20.95625	-11.8908651973491
20.9625	-11.8908104956156
20.96875	-11.8908408265024
20.975	-11.8908619021723
20.98125	-11.8908821094398
20.9875	-11.8908488861055
20.99375	-11.890900828104
21	-11.8908758964977
21.00625	-11.8909236841174
21.0125	-11.8909250041795
21.01875	-11.8909310510162
21.025	-11.8909104461317
21.03125	-11.8910103407841
21.0375	-11.8908642672741
21.04375	-11.8908912368365
21.05	-11.8907649944675
21.05625	-11.890918027336
21.0625	-11.8908846555842
21.06875	-11.891036423261
21.075	-11.8908443253754
21.08125	-11.8909375259883
21.0875	-11.8909074234861
21.09375	-11.8908941314303
21.1	-11.8909138369989
21.10625	-11.8910382695272
21.1125	-11.8910303467086
21.11875	-11.8910031399471
21.125	-11.8910077446639
21.13125	-11.8909871542647
21.1375	-11.891045739112
21.14375	-11.8910237050796
21.15	-11.8910396791483
21.15625	-11.8909493919005
21.1625	-11.8909199252668
21.16875	-11.8908996299012
21.175	-11.8908606928305
21.18125	-11.8909309379757
21.1875	-11.8909552225025
21.19375	-11.8909107686696
21.2	-11.8908954179294
21.20625	-11.8909361960695
21.2125	-11.8909439393224
21.21875	-11.8909366454279
21.225	-11.8909868041887
21.23125	-11.8908812759187
21.2375	-11.8909009199882
21.24375	-11.8909137453811
21.25	-11.8909325227983
21.25625	-11.8909607431308
21.2625	-11.8909926331288
21.26875	-11.8908868324431
21.275	-11.890619892739
21.28125	-11.8906753403007
21.2875	-11.8907027113467
21.29375	-11.89076944748
21.3	-11.8907033714403
21.30625	-11.8907514750071
21.3125	-11.8908927494431
21.31875	-11.8908398518097
21.325	-11.8907858461549
21.33125	-11.8908561063282
21.3375	-11.8909291814671
21.34375	-11.891043965336
21.35	-11.8910226943807
21.35625	-11.8909643308211
21.3625	-11.891069832781
21.36875	-11.8910642420747
21.375	-11.8911210898764
21.38125	-11.8911666194081
21.3875	-11.8911601439812
21.39375	-11.8910825745656
21.4	-11.891028920419
21.40625	-11.8911498672621
21.4125	-11.8911037412392
21.41875	-11.8911020782637
21.425	-11.8910693241591
21.43125	-11.8910711647995
21.4375	-11.8910138722758
21.44375	-11.8910330523898
21.45	-11.891067675656
21.45625	-11.8910478799624
21.4625	-11.8910286252203
21.46875	-11.891003590207
21.475	-11.890963663064
21.48125	-11.8910342759745
21.4875	-11.8910925396013
21.49375	-11.8910286633004
21.5	-11.8909435739019
21.50625	-11.8908457425169
21.5125	-11.8909416142976
21.51875	-11.8908080207191
21.525	-11.8906487191403
21.53125	-11.8908979692937
21.5375	-11.8908388875511
21.54375	-11.8909458998332
21.55	-11.8909290472464
21.55625	-11.8909860638011
21.5625	-11.890856784867
21.56875	-11.890908277019
21.575	-11.8909601786767
21.58125	-11.8910065081676
21.5875	-11.8908131375263
21.59375	-11.8909318941588
21.6	-11.8910227217065
21.60625	-11.8910739307081
21.6125	-11.8910255780134
21.61875	-11.8910514125647
21.625	-11.8909140713714
21.63125	-11.8910707289475
21.6375	-11.8909573906837
21.64375	-11.890982758431
21.65	-11.8909866615392
21.65625	-11.8910184921191
21.6625	-11.8909901988238
21.66875	-11.8910144068167
21.675	-11.8910587187254
21.68125	-11.8910728483122
21.6875	-11.8910623470465
21.69375	-11.8909730543958
21.7	-11.8910162568618
21.70625	-11.8909629608702
21.7125	-11.8909507046679
21.71875	-11.8909194223011
21.725	-11.890883816098
21.73125	-11.8908857942093
21.7375	-11.8908381823988
21.74375	-11.8909057435249
21.75	-11.890906932473
21.75625	-11.8909528773578
21.7625	-11.8909987000739
21.76875	-11.8908748537652
21.775	-11.8908927203747
21.78125	-11.8907854559044
21.7875	-11.8906503951525
21.79375	-11.8907104465674
21.8	-11.8908016664211
21.80625	-11.8909176931903
21.8125	-11.8909665228266
21.81875	-11.8908419749934
21.825	-11.8908901442284
21.83125	-11.8908814485326
21.8375	-11.8908351879796
21.84375	-11.8907538841248
21.85	-11.8907337090582
21.85625	-11.8907614635381
21.8625	-11.8908219752282
21.86875	-11.8907869297081
21.875	-11.8908297694401
21.88125	-11.890880669877
21.8875	-11.8909329591674
21.89375	-11.8909432614701
21.9	-11.8910817848557
21.90625	-11.891044830327
21.9125	-11.8910753220104
21.91875	-11.8910407966806
21.925	-11.8909543008282
21.93125	-11.8909384547236
21.9375	-11.8909557636307
21.94375	-11.8908252171873
21.95	-11.8908156177045
21.95625	-11.8910198672763
21.9625	-11.8908844199192
21.96875	-11.8908585859248
21.975	-11.8909625949327
21.98125	-11.890839501228
21.9875	-11.8908394395711
21.99375	-11.8908909591972
22	-11.8908920520849
22.00625	-11.8908541145041
22.0125	-11.8908626899973
22.01875	-11.8908520926686
22.025	-11.8908404974165
22.03125	-11.8907929815594
22.0375	-11.8908408148658
22.04375	-11.8907700068568
22.05	-11.8907278577648
22.05625	-11.890770763403
22.0625	-11.8907033505204
22.06875	-11.8907570307684
22.075	-11.8907100105784
22.08125	-11.8908077312331
22.0875	-11.8908555311534
22.09375	-11.8909522546911
22.1	-11.8909639832866
22.10625	-11.8909735039888
22.1125	-11.8909779871931
22.11875	-11.8909810318335
22.125	-11.8909517600127
22.13125	-11.8909409492322
22.1375	-11.8909184568134
22.14375	-11.89096227336
22.15	-11.8908812679455
22.15625	-11.8908700061221
22.1625	-11.8908492913441
22.16875	-11.8908080809713
22.175	-11.8908310543827
22.18125	-11.890916558053
22.1875	-11.8909318885088
22.19375	-11.8910923302756
22.2	-11.8910383280072
22.20625	-11.8909732612768
22.2125	-11.8909109203771
22.21875	-11.890887831763
22.225	-11.89094113434
22.23125	-11.8909601971093
22.2375	-11.890968392503
22.24375	-11.8909505533971
22.25	-11.891077323978
22.25625	-11.8913380266281
22.2625	-11.8911937463426
22.26875	-11.8908929098449
22.275	-11.8908732395383
22.28125	-11.8908490190494
22.2875	-11.8907934326095
22.29375	-11.8909514145145
22.3	-11.8908361399794
22.30625	-11.8908826533586
22.3125	-11.8908893906409
22.31875	-11.8907188061448
22.325	-11.8908164458652
22.33125	-11.8906969745066
22.3375	-11.8907741260981
22.34375	-11.8906723198633
22.35	-11.8907064603069
22.35625	-11.8907940160315
22.3625	-11.890691615744
22.36875	-11.8908675986994
22.375	-11.8907517276283
22.38125	-11.8907071877781
22.3875	-11.8907514358202
22.39375	-11.8906751255717
22.4	-11.890858572297
22.40625	-11.8907724005554
22.4125	-11.8909375932173
22.41875	-11.8909058801878
22.425	-11.8909061510103
22.43125	-11.8909985181638
22.4375	-11.8908114399519
22.44375	-11.8910847288445
22.45	-11.8908776642673
22.45625	-11.8909735291045
22.4625	-11.890950410082
22.46875	-11.8909004688076
22.475	-11.8908647063035
22.48125	-11.8908079396452
22.4875	-11.8908107397504
22.49375	-11.8908910069736
22.5	-11.8909213561028
22.50625	-11.8907427090036
22.5125	-11.8908611121416
22.51875	-11.8908396249247
22.525	-11.8909235780644
22.53125	-11.8908762115764
22.5375	-11.8908778234823
22.54375	-11.890838520184
22.55	-11.8907289529689
22.55625	-11.8908168494406
22.5625	-11.890781791665
22.56875	-11.8909182883619
22.575	-11.8908010449952
22.58125	-11.8907488652212
22.5875	-11.8907588397809
22.59375	-11.8906848987787
22.6	-11.8908152077142
22.60625	-11.8906905780341
22.6125	-11.8907472919726
22.61875	-11.8908084697855
22.625	-11.8908220819115
22.63125	-11.8908540380922
22.6375	-11.8909000496029
22.64375	-11.8908686972936
22.65	-11.8909930052692
22.65625	-11.8910572931028
22.6625	-11.8909938324262
22.66875	-11.891031834876
22.675	-11.8908390479213
22.68125	-11.8908521929554
22.6875	-11.8909223156737
22.69375	-11.8908871336448
22.7	-11.8908305108877
22.70625	-11.8907547573749
22.7125	-11.8907973671342
22.71875	-11.890770120848
22.725	-11.8907796638631
22.73125	-11.8907367973278
22.7375	-11.8908176545078
22.74375	-11.8908494217688
22.75	-11.8910652546906
22.75625	-11.8913366983205
22.7625	-11.891406884716
22.76875	-11.8913667546869
22.775	-11.8914242017489
22.78125	-11.8914180476557
22.7875	-11.891303966806
22.79375	-11.891336306616
22.8	-11.8913996541472
22.80625	-11.8913831364652
22.8125	-11.8913882720339
22.81875	-11.8913391409482
22.825	-11.8912673265571
22.83125	-11.8911793043167
22.8375	-11.891182545485
22.84375	-11.89124177962
22.85	-11.8911932717477
22.85625	-11.8912364139706
22.8625	-11.8912229515971
22.86875	-11.891181711012
22.875	-11.8912308244739
22.88125	-11.8911294503534
22.8875	-11.8911558923763
22.89375	-11.8911209031084
22.9	-11.8911508123245
22.90625	-11.8910661903751
22.9125	-11.8910665874835
22.91875	-11.8910221155454
22.925	-11.8910195795499
22.93125	-11.8910386018106
22.9375	-11.8909790153556
22.94375	-11.891004501791
22.95	-11.8910389651538
22.95625	-11.8910891833212
22.9625	-11.8910893602812
22.96875	-11.8910890984668
22.975	-11.8911093541515
22.98125	-11.8910911104386
22.9875	-11.8911202969766
22.99375	-11.8910957590828
23	-11.8911212962843
23.00625	-11.8911231048846
23.0125	-11.8913371942503
23.01875	-11.8913094363997
23.025	-11.8914201175406
23.03125	-11.8913357352663
23.0375	-11.8913290369973
23.04375	-11.8912461787801
23.05	-11.891385504511
23.05625	-11.8913408293482
23.0625	-11.8912077633486
23.06875	-11.8912809872207
23.075	-11.8913331728741
23.08125	-11.891296507102
23.0875	-11.8911986714269
23.09375	-11.8913156033554
23.1	-11.8913251675426
23.10625	-11.8912422711103
23.1125	-11.8912628786174
23.11875	-11.8913562827717
23.125	-11.8913535592916
23.13125	-11.8912530221919
23.1375	-11.8913132637122
23.14375	-11.8913962837987
23.15	-11.8913413536962
23.15625	-11.8912949480467
23.1625	-11.8912907964383
23.16875	-11.8913335052088
23.175	-11.8912294004028
23.18125	-11.8912739786005
23.1875	-11.8913244729499
23.19375	-11.8912906260149
23.2	-11.8912726855623
23.20625	-11.8912870080861
23.2125	-11.8913299944176
23.21875	-11.8912872909657
23.225	-11.8913114613816
23.23125	-11.8913240322266
23.2375	-11.8912976881047
23.24375	-11.8912147760285
23.25	-11.8912639872666
23.25625	-11.8909419357832
23.2625	-11.8909342114067
23.26875	-11.8910109366764
23.275	-11.8910820558386
23.28125	-11.8910470326732
23.2875	-11.8912880320085
23.29375	-11.8911849990823
23.3	-11.8912496621867
23.30625	-11.8911343764714
23.3125	-11.8911986122901
23.31875	-11.8911666907799
23.325	-11.8911352375588
23.33125	-11.8911575194719
23.3375	-11.891194158271
23.34375	-11.8912706226743
23.35	-11.891179240638
23.35625	-11.8912799407823
23.3625	-11.8911977572885
23.36875	-11.8912301115661
23.375	-11.8912139458775
23.38125	-11.8912078494583
23.3875	-11.8912003222852
23.39375	-11.8912561390691
23.4	-11.8912850313721
23.40625	-11.8912298470504
23.4125	-11.8912794812791
23.41875	-11.8911831043886
23.425	-11.8912705494261
23.43125	-11.8911696258435
23.4375	-11.8912158892067
23.44375	-11.8912392078295
23.45	-11.8912177169522
23.45625	-11.8911263020296
23.4625	-11.8911700793072
23.46875	-11.8911678384017
23.475	-11.8911642017084
23.48125	-11.8911677887788
23.4875	-11.8910628282232
23.49375	-11.8910788141374
23.5	-11.8911665475062
23.50625	-11.8911598509476
23.5125	-11.8911009917059
23.51875	-11.8911011804656
23.525	-11.8910577565531
23.53125	-11.8910600280393
23.5375	-11.8911096475797
23.54375	-11.8910637603963
23.55	-11.8911221958823
23.55625	-11.8911889694883
23.5625	-11.8911207990231
23.56875	-11.8911008121171
23.575	-11.8910603235253
23.58125	-11.8910450241872
23.5875	-11.8911046932439
23.59375	-11.8911842847265
23.6	-11.8912140747883
23.60625	-11.8912629592613
23.6125	-11.8912781984505
23.61875	-11.8912208212337
23.625	-11.8912492058884
23.63125	-11.891198932456
23.6375	-11.8911561330348
23.64375	-11.8911395474788
23.65	-11.8911764828487
23.65625	-11.8911666816228
23.6625	-11.8911972845085
23.66875	-11.8912827614673
23.675	-11.8912825062623
23.68125	-11.8913272419943
23.6875	-11.8912784258834
23.69375	-11.8912943648867
23.7	-11.8911705926682
23.70625	-11.8911806073706
23.7125	-11.8911833548422
23.71875	-11.891203021213
23.725	-11.8912481667878
23.73125	-11.8912984983914
23.7375	-11.8912805683784
23.74375	-11.8912500315954
23.75	-11.8912589680187
23.75625	-11.8912780470835
23.7625	-11.891294648204
23.76875	-11.8912957454669
23.775	-11.8912775021602
23.78125	-11.891207062489
23.7875	-11.8912868666464
23.79375	-11.8912755003334
23.8	-11.8911648976967
23.80625	-11.8912250262953
23.8125	-11.8912235572139
23.81875	-11.8912360232049
23.825	-11.8912365595576
23.83125	-11.8912102259829
23.8375	-11.8911964977886
23.84375	-11.8911650089269
23.85	-11.8911499977438
23.85625	-11.8911579468882
23.8625	-11.8911237729102
23.86875	-11.8911472838877
23.875	-11.8910871383928
23.88125	-11.8910542477884
23.8875	-11.8910326627889
23.89375	-11.8910991386569
23.9	-11.8910527764078
23.90625	-11.8910653908535
23.9125	-11.8910544793744
23.91875	-11.8910702588466
23.925	-11.8911211266989
23.93125	-11.8911685802395
23.9375	-11.8911255713701
23.94375	-11.891156831648
23.95	-11.8912249537741
23.95625	-11.891142535019
23.9625	-11.8911424965382
23.96875	-11.8910965383938
23.975	-11.8910509650799
23.98125	-11.8910682928698
23.9875	-11.8910227067073
23.99375	-11.8910190429534
24	-11.8910832089468
24.00625	-11.8910992625097
24.0125	-11.8910688729082
24.01875	-11.8910629776814
24.025	-11.8910462052313
24.03125	-11.8910690072436
24.0375	-11.8910117941973
24.04375	-11.8911181773286
24.05	-11.8911689824304
24.05625	-11.8911213789297
24.0625	-11.8912106155705
24.06875	-11.8912278213537
24.075	-11.8912024170875
24.08125	-11.8912997315702
24.0875	-11.8913050788446
24.09375	-11.8912732394573
24.1	-11.891268124661
24.10625	-11.8913314733056
24.1125	-11.8912565793227
24.11875	-11.8912486910592
24.125	-11.8912817726842
24.13125	-11.8912460415707
24.1375	-11.8912675148762
24.14375	-11.8912598777439
24.15	-11.8912877114545
24.15625	-11.8912764025834
24.1625	-11.8912563195113
24.16875	-11.8912676272609
24.175	-11.8913187150204
24.18125	-11.8912859031243
24.1875	-11.8912943018659
24.19375	-11.8913190136841
24.2	-11.8912748341232
24.20625	-11.8913126103489
24.2125	-11.8913324177055
24.21875	-11.8913114721614
24.225	-11.8912633859734
24.23125	-11.8913005806356
24.2375	-11.8914030365299
24.24375	-11.8913181203937
24.25	-11.8911294749625
24.25625	-11.891073807178
24.2625	-11.8911668183226
24.26875	-11.8910855646145
24.275	-11.8911890999324
24.28125	-11.8912884562368
24.2875	-11.8913207310025
24.29375	-11.891360752735
24.3	-11.8914017705793
24.30625	-11.8913284033036
24.3125	-11.8913711370957
24.31875	-11.8914149559461
24.325	-11.8914215562035
24.33125	-11.8914536254932
24.3375	-11.8914992959253
24.34375	-11.8914724616089
24.35	-11.8914040141222
24.35625	-11.8915298411292
24.3625	-11.8914840776392
24.36875	-11.8914167768304
24.375	-11.8915501048177
24.38125	-11.8914663208369
24.3875	-11.8914463603224
24.39375	-11.8915795774681
24.4	-11.8915002541911
24.40625	-11.8914960022126
24.4125	-11.8916186099899
24.41875	-11.8915345209511
24.425	-11.8915364739554
24.43125	-11.8917891911155
24.4375	-11.8916616741768
24.44375	-11.8916030549101
24.45	-11.8917167449418
24.45625	-11.8915729205312
24.4625	-11.8915778332667
24.46875	-11.8917222794667
24.475	-11.8915770005984
24.48125	-11.8915424374969
24.4875	-11.8916287386019
24.49375	-11.8916320292479
24.5	-11.8916822949455
24.50625	-11.891791579924
24.5125	-11.8917818360866
24.51875	-11.8917639451982
24.525	-11.8918400375663
24.53125	-11.8916385951958
24.5375	-11.8917750162377
24.54375	-11.8918690036172
24.55	-11.891910915294
24.55625	-11.891866717879
24.5625	-11.891935887312
24.56875	-11.8919097666583
24.575	-11.8919377384074
24.58125	-11.8919766868834
24.5875	-11.8919047517162
24.59375	-11.8918713882047
24.6	-11.8919381858601
24.60625	-11.8919069146956
24.6125	-11.8917823251716
24.61875	-11.8918331288908
24.625	-11.8918362839317
24.63125	-11.8918234068373
24.6375	-11.8918192817446
24.64375	-11.8918382290458
24.65	-11.8918781472969
24.65625	-11.8918701148547
24.6625	-11.8919665980572
24.66875	-11.89187939798
24.675	-11.8918353881335
24.68125	-11.8919099048699
24.6875	-11.8919438795937
24.69375	-11.8919015073958
24.7	-11.8919533351708
24.70625	-11.8919546488453
24.7125	-11.8919049999475
24.71875	-11.891870976191
24.725	-11.8919596043875
24.73125	-11.8919019524077
24.7375	-11.8918185160354
24.74375	-11.8918531835289
24.75	-11.8918518754845
24.75625	-11.8917494669717
24.7625	-11.8916907813593
24.76875	-11.8917571974742
24.775	-11.8917575087894
24.78125	-11.8917636708073
24.7875	-11.8917671743163
24.79375	-11.8918039541866
24.8	-11.891865069726
24.80625	-11.8918396850541
24.8125	-11.8918012455489
24.81875	-11.8917197218027
24.825	-11.8917075723777
24.83125	-11.8917217916812
24.8375	-11.8917256871354
24.84375	-11.8917193382663
24.85	-11.8916875755385
24.85625	-11.8917773363084
24.8625	-11.8916971211725
24.86875	-11.8916953500457
24.875	-11.8916832803813
24.88125	-11.8916800608986
24.8875	-11.8916535658373
24.89375	-11.8917343392878
24.9	-11.8917530663042
24.90625	-11.8917491124465
24.9125	-11.8917755443353
24.91875	-11.8917232296992
24.925	-11.8917732146384
24.93125	-11.8916935762812
24.9375	-11.891613400476
24.94375	-11.8916461962582
24.95	-11.8917429463886
24.95625	-11.8917025930879
24.9625	-11.8916879080789
24.96875	-11.8916125742088
24.975	-11.8916331700852
24.98125	-11.891550784225
24.9875	-11.8916400595779
24.99375	-11.8914791411017
25	-11.8915397189167
25.00625	-11.8914665446454
25.0125	-11.8914862484443
25.01875	-11.8915026125218
25.025	-11.8914860269283
25.03125	-11.8916450570223
25.0375	-11.891683262905
25.04375	-11.8916204701626
25.05	-11.8916672105799
25.05625	-11.8916701311006
25.0625	-11.8917381578949
25.06875	-11.891649528548
25.075	-11.8916261455764
25.08125	-11.8916172542942
25.0875	-11.8915730687764
25.09375	-11.8914813282512
25.1	-11.8914919212337
25.10625	-11.8915121709818
25.1125	-11.8915974825897
25.11875	-11.891528767833
25.125	-11.8917740950611
25.13125	-11.8916875213815
25.1375	-11.8917924150369
25.14375	-11.8917758898585
25.15	-11.8917114572521
25.15625	-11.8917348526051
25.1625	-11.8917482620129
25.16875	-11.8917140376027
25.175	-11.891726479938
25.18125	-11.8915544242941
25.1875	-11.8915679639894
25.19375	-11.891553039859
25.2	-11.8917620145808
25.20625	-11.8917196352798
25.2125	-11.8917505309282
25.21875	-11.8918509857971
25.225	-11.8917397547239
25.23125	-11.8914402331227
25.2375	-11.8914106475366
25.24375	-11.8916247753132
25.25	-11.8917473828526
25.25625	-11.8916770946579
25.2625	-11.8917632996992
25.26875	-11.8917190553297
25.275	-11.8917319887862
25.28125	-11.8916955787503
25.2875	-11.8915695713561
25.29375	-11.8916312684389
25.3	-11.8916310378261
25.30625	-11.8916798123392
25.3125	-11.8915901953597
25.31875	-11.8916233430346
25.325	-11.8915896779973
25.33125	-11.8915459868735
25.3375	-11.89158221178
25.34375	-11.8914669176461
25.35	-11.8913493509459
25.35625	-11.8913711546147
25.3625	-11.8912870977621
25.36875	-11.891433183559
25.375	-11.8915125321982
25.38125	-11.8918337418574
25.3875	-11.89184932514
25.39375	-11.8917606839384
25.4	-11.8916614763745
25.40625	-11.8916007230434
25.4125	-11.8916208299403
25.41875	-11.8915884752306
25.425	-11.8915831117628
25.43125	-11.8915659326868
25.4375	-11.891533696214
25.44375	-11.891633650796
25.45	-11.8916803077734
25.45625	-11.8916836855694
25.4625	-11.8918675701941
25.46875	-11.8918427048457
25.475	-11.8918199130593
25.48125	-11.8914756532916
25.4875	-11.8914174961172
25.49375	-11.8914230494911
25.5	-11.8914667479559
25.50625	-11.891497784834
25.5125	-11.891620233969
25.51875	-11.8916346030928
25.525	-11.8915685575654
25.53125	-11.8915749538304
25.5375	-11.8915463995384
25.54375	-11.891506262572
25.55	-11.891553629268
25.55625	-11.891483464356
25.5625	-11.8914474945252
25.56875	-11.8913803009275
25.575	-11.8914641904082
25.58125	-11.8915426622321
25.5875	-11.8915207565367
25.59375	-11.8914760432525
25.6	-11.8915924039489
25.60625	-11.8916189965242
25.6125	-11.8915479998316
25.61875	-11.8915628873972
25.625	-11.8914718333575
25.63125	-11.891460221811
25.6375	-11.8914889703875
25.64375	-11.8913413666456
25.65	-11.891251026858
25.65625	-11.8914646073002
25.6625	-11.8915290820551
25.66875	-11.8916162450158
25.675	-11.8915239824394
25.68125	-11.8915014563188
25.6875	-11.8915800074601
25.69375	-11.8915857951038
25.7	-11.8915133620764
25.70625	-11.8915026749829
25.7125	-11.8914371975355
25.71875	-11.8915347371999
25.725	-11.8916312730002
25.73125	-11.8917297268429
25.7375	-11.8917950153654
25.74375	-11.8917500875558
25.75	-11.8916945140928
25.75625	-11.8917088751772
25.7625	-11.8917366085256
25.76875	-11.8917863037061
25.775	-11.8917680934316
25.78125	-11.8916783613211
25.7875	-11.8916737475951
25.79375	-11.8916592199965
25.8	-11.8917305105609
25.80625	-11.8917357056367
25.8125	-11.891708144324
25.81875	-11.8917063918841
25.825	-11.8917015977026
25.83125	-11.8917426027779
25.8375	-11.8917531352404
25.84375	-11.8917271162054
25.85	-11.8917071739011
25.85625	-11.8916820441169
25.8625	-11.8916724453588
25.86875	-11.8917085023375
25.875	-11.8916997375922
25.88125	-11.8917638014664
25.8875	-11.8917017558578
25.89375	-11.8916948827144
25.9	-11.8916787233468
25.90625	-11.8916825466481
25.9125	-11.8916420094224
25.91875	-11.8916888573046
25.925	-11.8915802820093
25.93125	-11.8915806064307
25.9375	-11.8915447856502
25.94375	-11.8915305856615
25.95	-11.8915406879772
25.95625	-11.8915899199374
25.9625	-11.8915280291751
25.96875	-11.8915317410143
25.975	-11.8915049920451
25.98125	-11.8915493715037
25.9875	-11.8916743184957
25.99375	-11.8917320021611
26	-11.8918079722563
26.00625	-11.8917613575093
26.0125	-11.8917276271604
26.01875	-11.8917703761707
26.025	-11.8917803650549
26.03125	-11.8918087172936
26.0375	-11.8917681204939
26.04375	-11.8918180919477
26.05	-11.8917912882527
26.05625	-11.8917467324286
26.0625	-11.891684264839
26.06875	-11.8917324780933
26.075	-11.8917737687512
26.08125	-11.8916992623099
26.0875	-11.8917444018453
26.09375	-11.8917712446995
26.1	-11.8916854534652
26.10625	-11.8917415503412
26.1125	-11.8918185943421
26.11875	-11.8916495259547
26.125	-11.8917820209997
26.13125	-11.8918453255059
26.1375	-11.8917074657017
26.14375	-11.8918172260711
26.15	-11.8918683574159
26.15625	-11.8917907960418
26.1625	-11.8919079718525
26.16875	-11.8919375080573
26.175	-11.8918607797629
26.18125	-11.8918962799916
26.1875	-11.8919025378982
26.19375	-11.8918486482688
26.2	-11.8918758165891
26.20625	-11.8919301311475
26.2125	-11.8918013760752
26.21875	-11.8918167365127
26.225	-11.891879574076
26.23125	-11.8917818057767
26.2375	-11.8916168920477
26.24375	-11.8916940954056
26.25	-11.891719392519
26.25625	-11.8917926995745
26.2625	-11.8918073623135
26.26875	-11.8917304270882
26.275	-11.8916393064183
26.28125	-11.8916574385737
26.2875	-11.8916692125903
26.29375	-11.891649464015
26.3	-11.8916440835986
26.30625	-11.8916187128303
26.3125	-11.8916227396619
26.31875	-11.8916013115956
26.325	-11.8916917795618
26.33125	-11.8917076773857
26.3375	-11.8917148745111
26.34375	-11.8917828737823
26.35	-11.8917650323641
26.35625	-11.8917613500372
26.3625	-11.8917726732792
26.36875	-11.8918026604709
26.375	-11.8917966786884
26.38125	-11.8918818783155
26.3875	-11.8919074793217
26.39375	-11.8919845840855
26.4	-11.8919617645351
26.40625	-11.8919712136936
26.4125	-11.891970515956
26.41875	-11.8919928680624
26.425	-11.8920954594138
26.43125	-11.8920681604898
26.4375	-11.8920133235348
26.44375	-11.8920056038673
26.45	-11.8920306890034
26.45625	-11.8919410740757
26.4625	-11.8919191188245
26.46875	-11.89193005112
26.475	-11.8919271324495
26.48125	-11.891951498542
26.4875	-11.8918997328976
26.49375	-11.8918745141076
26.5	-11.8918762231869
26.50625	-11.8918741635934
26.5125	-11.8918849621681
26.51875	-11.8919401661239
26.525	-11.8920346070564
26.53125	-11.8920291221809
26.5375	-11.8920391744978
26.54375	-11.8920619473607
26.55	-11.8920470810175
26.55625	-11.8920632183933
26.5625	-11.8920635034656
26.56875	-11.8921134768892
26.575	-11.892092651314
26.58125	-11.8921512029967
26.5875	-11.8921167444856
26.59375	-11.8920978907292
26.6	-11.8921605932014
26.60625	-11.8921018253793
26.6125	-11.8921354148997
26.61875	-11.8921075493494
26.625	-11.8921230412207
26.63125	-11.8920802767368
26.6375	-11.8920813637141
26.64375	-11.8920487762136
26.65	-11.892052343988
26.65625	-11.8921066278005
26.6625	-11.8920299249381
26.66875	-11.8920428859074
26.675	-11.8920766298858
26.68125	-11.892062810466
26.6875	-11.8919501257107
26.69375	-11.891937444397
26.7	-11.8919412670687
26.70625	-11.891887347807
26.7125	-11.8919253850815
26.71875	-11.8919743058885
26.725	-11.8918743883968
26.73125	-11.8918124806395
26.7375	-11.8919315383495
26.74375	-11.8919852561754
26.75	-11.8919815048617
26.75625	-11.8919610503739
26.7625	-11.892001151405
26.76875	-11.8920200151708
26.775	-11.8919521470686
26.78125	-11.8919084942964
26.7875	-11.8919034063835
26.79375	-11.8919283978842
26.8	-11.8919207746827
26.80625	-11.8918615158364
26.8125	-11.8918735337281
26.81875	-11.8918713491004
26.825	-11.8918570675888
26.83125	-11.8918967804667
26.8375	-11.8918992332638
26.84375	-11.8919094645915
26.85	-11.8918841640581
26.85625	-11.8919093347082
26.8625	-11.891890320046
26.86875	-11.8918797106956
26.875	-11.8918865973272
26.88125	-11.891888148322
26.8875	-11.8919153862864
26.89375	-11.8918793409921
26.9	-11.8918743647251
26.90625	-11.8919032952517
26.9125	-11.8918626275405
26.91875	-11.8918839715435
26.925	-11.8918243839445
26.93125	-11.891847721499
26.9375	-11.8918173574859
26.94375	-11.8918366098733
26.95	-11.891861142433
26.95625	-11.8917647585445
26.9625	-11.891767826541
26.96875	-11.8917907630471
26.975	-11.8917767126805
26.98125	-11.8917686520649
26.9875	-11.8918047285047
26.99375	-11.891820036592
27	-11.89184840785
27.00625	-11.8918573210111
27.0125	-11.8918181695806
27.01875	-11.8918302747189
27.025	-11.8918111998623
27.03125	-11.8917968891698
27.0375	-11.8918501676132
27.04375	-11.8918853197373
27.05	-11.8918784267595
27.05625	-11.8918685272778
27.0625	-11.8918774161122
27.06875	-11.8918889499741
27.075	-11.8918881357625
27.08125	-11.8918811676732
27.0875	-11.891921662606
27.09375	-11.8918911161901
27.1	-11.891807862667
27.10625	-11.8919193719573
27.1125	-11.8919201871076
27.11875	-11.8918892482814
27.125	-11.8918268091253
27.13125	-11.8918819159445
27.1375	-11.8919024522215
27.14375	-11.8918774841345
27.15	-11.8918312651605
27.15625	-11.8919267992706
27.1625	-11.8919363625682
27.16875	-11.8918269219917
27.175	-11.8918250419215
27.18125	-11.8917976789811
27.1875	-11.8918104390169
27.19375	-11.8918331448377
27.2	-11.8918370626354
27.20625	-11.8918251919829
27.2125	-11.8917889718231
27.21875	-11.891647189283
27.225	-11.8915764952505
27.23125	-11.8916340192517
27.2375	-11.8917925564539
27.24375	-11.8917155902011
27.25	-11.8916760090908
27.25625	-11.8916758270603
27.2625	-11.8917528482477
27.26875	-11.891727752708
27.275	-11.8917416878382
27.28125	-11.8917016337558
27.2875	-11.8917618879494
27.29375	-11.8917518579566
27.3	-11.8917234078047
27.30625	-11.8916699961674
27.3125	-11.8917633634918
27.31875	-11.8917626308662
27.325	-11.8917212631171
27.33125	-11.8916748355792
27.3375	-11.8917126049207
27.34375	-11.891751133096
27.35	-11.8917792931802
27.35625	-11.8917352228137
27.3625	-11.8917812787805
27.36875	-11.8917886810016
27.375	-11.891777981842
27.38125	-11.8917993374609
27.3875	-11.8917995723369
27.39375	-11.8917605347036
27.4	-11.8917491660231
27.40625	-11.8917231421138
27.4125	-11.8917405489264
27.41875	-11.891746897201
27.425	-11.8917465748546
27.43125	-11.8917659860556
27.4375	-11.8917544686469
27.44375	-11.8917682558984
27.45	-11.8917223964363
27.45625	-11.8916842545958
27.4625	-11.8916882609242
27.46875	-11.8916399456458
27.475	-11.8916873134106
27.48125	-11.8917073620037
27.4875	-11.8916706721609
27.49375	-11.891714753955
27.5	-11.8917017685758
27.50625	-11.8916873498774
27.5125	-11.8917187876212
27.51875	-11.8916976372073
27.525	-11.8916975388033
27.53125	-11.891704379558
27.5375	-11.8917417148907
27.54375	-11.8917300746294
27.55	-11.8916962168361
27.55625	-11.8917354135182
27.5625	-11.8916688084541
27.56875	-11.8917294210755
27.575	-11.8916992160444
27.58125	-11.8917405768943
27.5875	-11.8917423117271
27.59375	-11.8917399282624
27.6	-11.8917571744952
27.60625	-11.8917362793228
27.6125	-11.891746445938
27.61875	-11.8917319253532
27.625	-11.8917632125118
27.63125	-11.8917694999706
27.6375	-11.8917392086689
27.64375	-11.8917292969095
27.65	-11.8917800922409
27.65625	-11.8917670146352
27.6625	-11.8917785762229
27.66875	-11.891744886355
27.675	-11.8917284704062
27.68125	-11.8917697869815
27.6875	-11.8917092139758
27.69375	-11.8917171237307
27.7	-11.8917349150604
27.70625	-11.8917825008697
27.7125	-11.8917459240115
27.71875	-11.8916322320961
27.725	-11.8916961399777
27.73125	-11.8916886924905
27.7375	-11.8916723573377
27.74375	-11.8917310273777
27.75	-11.8916698156913
27.75625	-11.891662596917
27.7625	-11.8916477322365
27.76875	-11.8916272247082
27.775	-11.8916769618713
27.78125	-11.8916561317669
27.7875	-11.8916496685536
27.79375	-11.8917349296398
27.8	-11.8917126074647
27.80625	-11.8916837031633
27.8125	-11.89172314809
27.81875	-11.8917461298626
27.825	-11.8917127882246
27.83125	-11.8917039515463
27.8375	-11.8917074876846
27.84375	-11.8916888842046
27.85	-11.8917073155322
27.85625	-11.8917518042247
27.8625	-11.8916867941348
27.86875	-11.8916750063849
27.875	-11.8916879383293
27.88125	-11.8916811509199
27.8875	-11.8916457333335
27.89375	-11.8916274693302
27.9	-11.8916286329285
27.90625	-11.8916449766819
27.9125	-11.891608201293
27.91875	-11.8916643236528
27.925	-11.8916327163936
27.93125	-11.8916361912538
27.9375	-11.8916428932813
27.94375	-11.8916469378216
27.95	-11.8916559303518
27.95625	-11.8916387540954
27.9625	-11.891638318655
27.96875	-11.8915941170968
27.975	-11.8916230509255
27.98125	-11.8916117245049
27.9875	-11.8916521881122
27.99375	-11.8916294408032
28	-11.8916116514503
28.00625	-11.8916314993475
28.0125	-11.8916122905707
28.01875	-11.8915976012516
28.025	-11.8915971090169
28.03125	-11.8916033527667
28.0375	-11.8916348831051
28.04375	-11.8917089590597
28.05	-11.891681849093
28.05625	-11.8916802485742
28.0625	-11.8917038352494
28.06875	-11.8916290952868
28.075	-11.8916252928731
28.08125	-11.8916721101147
28.0875	-11.8916440804551
28.09375	-11.891727924185
28.1	-11.8917111018376
28.10625	-11.8917198817051
28.1125	-11.8916130713606
28.11875	-11.8916780454367
28.125	-11.8916679877126
28.13125	-11.8916843205269
28.1375	-11.8916779144274
28.14375	-11.8916395873671
28.15	-11.891668259515
28.15625	-11.8916932001197
28.1625	-11.8916699066989
28.16875	-11.8917147290092
28.175	-11.8916433585581
28.18125	-11.8916332324195
28.1875	-11.891672693945
28.19375	-11.8915719181495
28.2	-11.8915774933461
28.20625	-11.8916485513621
28.2125	-11.8916363769393
28.21875	-11.8916731780233
28.225	-11.8916679088613
28.23125	-11.8915993046354
28.2375	-11.8916268626358
28.24375	-11.891636693368
28.25	-11.8915704066964
28.25625	-11.8915878937597
28.2625	-11.8916745541079
28.26875	-11.8917172485203
28.275	-11.8917517553677
28.28125	-11.8917567505078
28.2875	-11.8917374245645
28.29375	-11.8917849071006
28.3	-11.8918441964083
28.30625	-11.8919079961623
28.3125	-11.8919392170514
28.31875	-11.8919345008783
28.325	-11.8919828166925
28.33125	-11.8919642997308
28.3375	-11.8919423605755
28.34375	-11.8920131064619
28.35	-11.8919832222041
28.35625	-11.8920193818189
28.3625	-11.8920359868906
28.36875	-11.89203344093
28.375	-11.8920432997588
28.38125	-11.8920373446966
28.3875	-11.8920337071623
28.39375	-11.892043475261
28.4	-11.8920339396953
28.40625	-11.8920283021146
28.4125	-11.8920429671024
28.41875	-11.892009170277
28.425	-11.8920213206714
28.43125	-11.892007317253
28.4375	-11.8919885924737
28.44375	-11.8919908466761
28.45	-11.8919676286813
28.45625	-11.8919707439555
28.4625	-11.891964784855
28.46875	-11.8919655554153
28.475	-11.8919646222854
28.48125	-11.8919631612474
28.4875	-11.8919614697104
28.49375	-11.8919600841443
28.5	-11.8919604262236
28.50625	-11.8919592245289
28.5125	-11.8919591908294
28.51875	-11.8919577515346
28.525	-11.8919568053
28.53125	-11.8919565742057
28.5375	-11.8919561801955
28.54375	-11.8919560092519
28.55	-11.8919551992792
28.55625	-11.8919541600711
28.5625	-11.8919542058891
28.56875	-11.8919547400692
28.575	-11.8919544629164
28.58125	-11.8919544576846
28.5875	-11.8919542381322
28.59375	-11.8919542221401
28.6	-11.8919542621362
28.60625	-11.891954273592
28.6125	-11.8919541138005
28.61875	-11.8919541126964
28.625	-11.8919541347275
28.63125	-11.8919541951179
28.6375	-11.8919540687654
28.64375	-11.8919540709758
28.65	-11.8919542245211
28.65625	-11.8919545223954
28.6625	-11.8919544781693
28.66875	-11.8919543394759
28.675	-11.8919546005457
28.68125	-11.8919546346997
28.6875	-11.8919545283112
28.69375	-11.8919545820062
28.7	-11.8919546000249
28.70625	-11.8919547675685
28.7125	-11.8919548107973
28.71875	-11.8919551384291
28.725	-11.8919551555101
28.73125	-11.8919555065896
28.7375	-11.8919553683707
28.74375	-11.8919555707601
28.75	-11.8919556250403
28.75625	-11.8919557020442
28.7625	-11.8919556909732
28.76875	-11.8919558331023
28.775	-11.8919558038699
28.78125	-11.8919560204302
28.7875	-11.8919560435552
28.79375	-11.891956231453
28.8	-11.891956308315
28.80625	-11.891956308467
28.8125	-11.891956308467
28.81875	-11.891956308467
28.825	-11.891956308467
28.83125	-11.891956308467
28.8375	-11.891956308467
28.84375	-11.891956308467
28.85	-11.891956308467
28.85625	-11.891956308467
28.8625	-11.891956308467
28.86875	-11.891956308467
28.875	-11.891956308467
28.88125	-11.891956308467
28.8875	-11.891956308467
28.89375	-11.891956308467
28.9	-11.891956308467
28.90625	-11.891956308467
28.9125	-11.891956308467
28.91875	-11.891956308467
28.925	-11.891956308467
28.93125	-11.891956308467
28.9375	-11.891956308467
28.94375	-11.891956308467
28.95	-11.891956308467
28.95625	-11.891956308467
28.9625	-11.891956308467
28.96875	-11.891956308467
28.975	-11.891956308467
28.98125	-11.891956308467
28.9875	-11.891956308467
28.99375	-11.891956308467
29	-11.891956308467
29.00625	-11.891956308467
29.0125	-11.891956308467
29.01875	-11.891956308467
29.025	-11.891956308467
29.03125	-11.891956308467
29.0375	-11.891956308467
29.04375	-11.891956308467
29.05	-11.891956308467
29.05625	-11.891956308467
29.0625	-11.891956308467
29.06875	-11.891956308467
29.075	-11.891956308467
29.08125	-11.891956308467
29.0875	-11.891956308467
29.09375	-11.891956308467
29.1	-11.891956308467
29.10625	-11.891956308467
29.1125	-11.891956308467
29.11875	-11.891956308467
29.125	-11.891956308467
29.13125	-11.891956308467
29.1375	-11.891956308467
29.14375	-11.891956308467
29.15	-11.891956308467
29.15625	-11.891956308467
29.1625	-11.891956308467
29.16875	-11.891956308467
29.175	-11.891956308467
29.18125	-11.891956308467
29.1875	-11.891956308467
29.19375	-11.891956308467
29.2	-11.891956308467
29.20625	-11.891956308467
29.2125	-11.891956308467
29.21875	-11.891956308467
29.225	-11.891956308467
29.23125	-11.891956308467
29.2375	-11.891956308467
29.24375	-11.891956308467
29.25	-11.891956308467
29.25625	-11.891956308467
29.2625	-11.891956308467
29.26875	-11.891956308467
29.275	-11.891956308467
29.28125	-11.891956308467
29.2875	-11.891956308467
29.29375	-11.891956308467
29.3	-11.891956308467
29.30625	-11.891956308467
29.3125	-11.891956308467
29.31875	-11.891956308467
29.325	-11.891956308467
29.33125	-11.891956308467
29.3375	-11.891956308467
29.34375	-11.891956308467
29.35	-11.891956308467
29.35625	-11.891956308467
29.3625	-11.891956308467
29.36875	-11.891956308467
29.375	-11.891956308467
29.38125	-11.891956308467
29.3875	-11.891956308467
29.39375	-11.891956308467
29.4	-11.891956308467
29.40625	-11.891956308467
29.4125	-11.891956308467
29.41875	-11.891956308467
29.425	-11.891956308467
29.43125	-11.891956308467
29.4375	-11.891956308467
29.44375	-11.891956308467
29.45	-11.891956308467
29.45625	-11.891956308467
29.4625	-11.891956308467
29.46875	-11.891956308467
29.475	-11.891956308467
29.48125	-11.891956308467
29.4875	-11.891956308467
29.49375	-11.891956308467
29.5	-11.891956308467
29.50625	-11.891956308467
29.5125	-11.891956308467
29.51875	-11.891956308467
29.525	-11.891956308467
29.53125	-11.891956308467
29.5375	-11.891956308467
29.54375	-11.891956308467
29.55	-11.891956308467
29.55625	-11.891956308467
29.5625	-11.891956308467
29.56875	-11.891956308467
29.575	-11.891956308467
29.58125	-11.891956308467
29.5875	-11.891956308467
29.59375	-11.891956308467
29.6	-11.891956308467
29.60625	-11.891956308467
29.6125	-11.891956308467
29.61875	-11.891956308467
29.625	-11.891956308467
29.63125	-11.891956308467
29.6375	-11.891956308467
29.64375	-11.891956308467
29.65	-11.891956308467
29.65625	-11.891956308467
29.6625	-11.891956308467
29.66875	-11.891956308467
29.675	-11.891956308467
29.68125	-11.891956308467
29.6875	-11.891956308467
29.69375	-11.891956308467
29.7	-11.891956308467
29.70625	-11.891956308467
29.7125	-11.891956308467
29.71875	-11.891956308467
29.725	-11.891956308467
29.73125	-11.891956308467
29.7375	-11.891956308467
29.74375	-11.891956308467
29.75	-11.891956308467
29.75625	-11.891956308467
29.7625	-11.891956308467
29.76875	-11.891956308467
29.775	-11.891956308467
29.78125	-11.891956308467
29.7875	-11.891956308467
29.79375	-11.891956308467
29.8	-11.891956308467
29.80625	-11.891956308467
29.8125	-11.891956308467
29.81875	-11.891956308467
29.825	-11.891956308467
29.83125	-11.891956308467
29.8375	-11.891956308467
29.84375	-11.891956308467
29.85	-11.891956308467
29.85625	-11.891956308467
29.8625	-11.891956308467
29.86875	-11.891956308467
29.875	-11.891956308467
29.88125	-11.891956308467
29.8875	-11.891956308467
29.89375	-11.891956308467
29.9	-11.891956308467
29.90625	-11.891956308467
29.9125	-11.891956308467
29.91875	-11.891956308467
29.925	-11.891956308467
29.93125	-11.891956308467
29.9375	-11.891956308467
29.94375	-11.891956308467
29.95	-11.891956308467
29.95625	-11.891956308467
29.9625	-11.891956308467
29.96875	-11.891956308467
29.975	-11.891956308467
29.98125	-11.891956308467
29.9875	-11.891956308467
29.99375	-11.891956308467
30	-11.891956308467
